FOV_cell_label,Event_time,Cell_number,cell_x,cell_y,slip_area
cancer_20210119_slip1_area2_long_acq_corr_long_acq_blue_0.0454_green_0.0671_1_cell_196,22,196.0,191.46777546777548,398.84615384615387,slip1_area2
cancer_20210119_slip1_area2_long_acq_corr_long_acq_blue_0.0454_green_0.0671_1_cell_196,23,196.0,191.46777546777548,398.84615384615387,slip1_area2
cancer_20210119_slip1_area2_long_acq_corr_long_acq_blue_0.0454_green_0.0671_1_cell_196,53,196.0,191.46777546777548,398.84615384615387,slip1_area2
cancer_20210119_slip1_area2_long_acq_corr_long_acq_blue_0.0454_green_0.0671_1_cell_196,55,196.0,191.46777546777548,398.84615384615387,slip1_area2
cancer_20210119_slip1_area2_long_acq_corr_long_acq_blue_0.0454_green_0.0671_1_cell_196,57,196.0,191.46777546777548,398.84615384615387,slip1_area2
cancer_20210119_slip1_area2_long_acq_corr_long_acq_blue_0.0454_green_0.0671_1_cell_196,58,196.0,191.46777546777548,398.84615384615387,slip1_area2
cancer_20210119_slip1_area2_long_acq_corr_long_acq_blue_0.0454_green_0.0671_1_cell_196,63,196.0,191.46777546777548,398.84615384615387,slip1_area2
cancer_20210119_slip1_area2_long_acq_corr_long_acq_blue_0.0454_green_0.0671_1_cell_196,65,196.0,191.46777546777548,398.84615384615387,slip1_area2
cancer_20210119_slip1_area2_long_acq_corr_long_acq_blue_0.0454_green_0.0671_1_cell_196,333,196.0,191.46777546777548,398.84615384615387,slip1_area2
cancer_20210119_slip1_area2_long_acq_corr_long_acq_blue_0.0454_green_0.0671_1_cell_196,334,196.0,191.46777546777548,398.84615384615387,slip1_area2
cancer_20210119_slip1_area2_long_acq_corr_long_acq_blue_0.0454_green_0.0671_1_cell_196,655,196.0,191.46777546777548,398.84615384615387,slip1_area2
cancer_20210119_slip1_area2_long_acq_corr_long_acq_blue_0.0454_green_0.0671_1_cell_196,717,196.0,191.46777546777548,398.84615384615387,slip1_area2
cancer_20210119_slip1_area2_long_acq_corr_long_acq_blue_0.0454_green_0.0671_1_cell_196,863,196.0,191.46777546777548,398.84615384615387,slip1_area2
cancer_20210119_slip1_area2_long_acq_corr_long_acq_blue_0.0454_green_0.0671_1_cell_196,871,196.0,191.46777546777548,398.84615384615387,slip1_area2
cancer_20210119_slip1_area2_long_acq_corr_long_acq_blue_0.0454_green_0.0671_1_cell_196,872,196.0,191.46777546777548,398.84615384615387,slip1_area2
cancer_20210119_slip1_area5_long_acq_corr_long_acq_blue_0.0454_green_0.0671_1_cell_124,63,124.0,108.07207207207207,337.51801801801804,slip1_area5
cancer_20210119_slip1_area5_long_acq_corr_long_acq_blue_0.0454_green_0.0671_1_cell_124,228,124.0,108.07207207207207,337.51801801801804,slip1_area5
cancer_20210119_slip1_area5_long_acq_corr_long_acq_blue_0.0454_green_0.0671_1_cell_124,238,124.0,108.07207207207207,337.51801801801804,slip1_area5
cancer_20210119_slip1_area5_long_acq_corr_long_acq_blue_0.0454_green_0.0671_1_cell_124,380,124.0,108.07207207207207,337.51801801801804,slip1_area5
cancer_20210119_slip1_area5_long_acq_corr_long_acq_blue_0.0454_green_0.0671_1_cell_124,381,124.0,108.07207207207207,337.51801801801804,slip1_area5
cancer_20210119_slip1_area5_long_acq_corr_long_acq_blue_0.0454_green_0.0671_1_cell_124,420,124.0,108.07207207207207,337.51801801801804,slip1_area5
cancer_20210119_slip1_area5_long_acq_corr_long_acq_blue_0.0454_green_0.0671_1_cell_124,734,124.0,108.07207207207207,337.51801801801804,slip1_area5
cancer_20210119_slip1_area5_long_acq_corr_long_acq_blue_0.0454_green_0.0671_1_cell_124,735,124.0,108.07207207207207,337.51801801801804,slip1_area5
cancer_20210119_slip1_area5_long_acq_corr_long_acq_blue_0.0454_green_0.0671_1_cell_124,739,124.0,108.07207207207207,337.51801801801804,slip1_area5
cancer_20210119_slip1_area5_long_acq_corr_long_acq_blue_0.0454_green_0.0671_1_cell_124,740,124.0,108.07207207207207,337.51801801801804,slip1_area5
cancer_20210119_slip1_area5_long_acq_corr_long_acq_blue_0.0454_green_0.0671_1_cell_124,741,124.0,108.07207207207207,337.51801801801804,slip1_area5
cancer_20210119_slip1_area5_long_acq_corr_long_acq_blue_0.0454_green_0.0671_1_cell_124,742,124.0,108.07207207207207,337.51801801801804,slip1_area5
cancer_20210119_slip1_area5_long_acq_corr_long_acq_blue_0.0454_green_0.0671_1_cell_124,743,124.0,108.07207207207207,337.51801801801804,slip1_area5
cancer_20210119_slip1_area5_long_acq_corr_long_acq_blue_0.0454_green_0.0671_1_cell_124,744,124.0,108.07207207207207,337.51801801801804,slip1_area5
cancer_20210119_slip1_area5_long_acq_corr_long_acq_blue_0.0454_green_0.0671_1_cell_124,745,124.0,108.07207207207207,337.51801801801804,slip1_area5
cancer_20210119_slip1_area5_long_acq_corr_long_acq_blue_0.0454_green_0.0671_1_cell_124,746,124.0,108.07207207207207,337.51801801801804,slip1_area5
cancer_20210119_slip1_area5_long_acq_corr_long_acq_blue_0.0454_green_0.0671_1_cell_124,747,124.0,108.07207207207207,337.51801801801804,slip1_area5
cancer_20210119_slip1_area5_long_acq_corr_long_acq_blue_0.0454_green_0.0671_1_cell_124,755,124.0,108.07207207207207,337.51801801801804,slip1_area5
cancer_20210119_slip1_area5_long_acq_corr_long_acq_blue_0.0454_green_0.0671_1_cell_124,761,124.0,108.07207207207207,337.51801801801804,slip1_area5
cancer_20210119_slip1_area5_long_acq_corr_long_acq_blue_0.0454_green_0.0671_1_cell_124,767,124.0,108.07207207207207,337.51801801801804,slip1_area5
cancer_20210119_slip1_area5_long_acq_corr_long_acq_blue_0.0454_green_0.0671_1_cell_124,768,124.0,108.07207207207207,337.51801801801804,slip1_area5
cancer_20210119_slip1_area5_long_acq_corr_long_acq_blue_0.0454_green_0.0671_1_cell_124,771,124.0,108.07207207207207,337.51801801801804,slip1_area5
cancer_20210119_slip1_area5_long_acq_corr_long_acq_blue_0.0454_green_0.0671_1_cell_124,772,124.0,108.07207207207207,337.51801801801804,slip1_area5
cancer_20210119_slip1_area5_long_acq_corr_long_acq_blue_0.0454_green_0.0671_1_cell_124,773,124.0,108.07207207207207,337.51801801801804,slip1_area5
cancer_20210119_slip1_area5_long_acq_corr_long_acq_blue_0.0454_green_0.0671_1_cell_124,775,124.0,108.07207207207207,337.51801801801804,slip1_area5
cancer_20210119_slip1_area5_long_acq_corr_long_acq_blue_0.0454_green_0.0671_1_cell_124,776,124.0,108.07207207207207,337.51801801801804,slip1_area5
cancer_20210119_slip1_area5_long_acq_corr_long_acq_blue_0.0454_green_0.0671_1_cell_124,781,124.0,108.07207207207207,337.51801801801804,slip1_area5
cancer_20210119_slip1_area5_long_acq_corr_long_acq_blue_0.0454_green_0.0671_1_cell_124,782,124.0,108.07207207207207,337.51801801801804,slip1_area5
cancer_20210119_slip1_area5_long_acq_corr_long_acq_blue_0.0454_green_0.0671_1_cell_124,783,124.0,108.07207207207207,337.51801801801804,slip1_area5
cancer_20210119_slip1_area5_long_acq_corr_long_acq_blue_0.0454_green_0.0671_1_cell_124,784,124.0,108.07207207207207,337.51801801801804,slip1_area5
cancer_20210119_slip1_area5_long_acq_corr_long_acq_blue_0.0454_green_0.0671_1_cell_124,787,124.0,108.07207207207207,337.51801801801804,slip1_area5
cancer_20210119_slip1_area5_long_acq_corr_long_acq_blue_0.0454_green_0.0671_1_cell_124,788,124.0,108.07207207207207,337.51801801801804,slip1_area5
cancer_20210119_slip1_area5_long_acq_corr_long_acq_blue_0.0454_green_0.0671_1_cell_124,913,124.0,108.07207207207207,337.51801801801804,slip1_area5
cancer_20210119_slip1_area5_long_acq_corr_long_acq_blue_0.0454_green_0.0671_1_cell_124,935,124.0,108.07207207207207,337.51801801801804,slip1_area5
cancer_20210119_slip1_area5_long_acq_corr_long_acq_blue_0.0454_green_0.0671_1_cell_124,936,124.0,108.07207207207207,337.51801801801804,slip1_area5
cancer_20210119_slip1_area5_long_acq_corr_long_acq_blue_0.0454_green_0.0671_1_cell_124,937,124.0,108.07207207207207,337.51801801801804,slip1_area5
cancer_20210119_slip1_area5_long_acq_corr_long_acq_blue_0.0454_green_0.0671_1_cell_124,938,124.0,108.07207207207207,337.51801801801804,slip1_area5
cancer_20210119_slip1_area5_long_acq_corr_long_acq_blue_0.0454_green_0.0671_1_cell_124,939,124.0,108.07207207207207,337.51801801801804,slip1_area5
cancer_20210119_slip1_area5_long_acq_corr_long_acq_blue_0.0454_green_0.0671_1_cell_124,940,124.0,108.07207207207207,337.51801801801804,slip1_area5
cancer_20210119_slip1_area5_long_acq_corr_long_acq_blue_0.0454_green_0.0671_1_cell_124,941,124.0,108.07207207207207,337.51801801801804,slip1_area5
cancer_20210119_slip1_area5_long_acq_corr_long_acq_blue_0.0454_green_0.0671_1_cell_124,942,124.0,108.07207207207207,337.51801801801804,slip1_area5
cancer_20210119_slip1_area5_long_acq_corr_long_acq_blue_0.0454_green_0.0671_1_cell_124,943,124.0,108.07207207207207,337.51801801801804,slip1_area5
cancer_20210119_slip1_area5_long_acq_corr_long_acq_blue_0.0454_green_0.0671_1_cell_124,944,124.0,108.07207207207207,337.51801801801804,slip1_area5
cancer_20210119_slip1_area5_long_acq_corr_long_acq_blue_0.0454_green_0.0671_1_cell_124,945,124.0,108.07207207207207,337.51801801801804,slip1_area5
cancer_20210119_slip1_area5_long_acq_corr_long_acq_blue_0.0454_green_0.0671_1_cell_124,946,124.0,108.07207207207207,337.51801801801804,slip1_area5
cancer_20210119_slip1_area5_long_acq_corr_long_acq_blue_0.0454_green_0.0671_1_cell_124,947,124.0,108.07207207207207,337.51801801801804,slip1_area5
cancer_20210119_slip1_area5_long_acq_corr_long_acq_blue_0.0454_green_0.0671_1_cell_124,948,124.0,108.07207207207207,337.51801801801804,slip1_area5
cancer_20210119_slip1_area5_long_acq_corr_long_acq_blue_0.0454_green_0.0671_1_cell_124,949,124.0,108.07207207207207,337.51801801801804,slip1_area5
cancer_20210119_slip1_area5_long_acq_corr_long_acq_blue_0.0454_green_0.0671_1_cell_124,950,124.0,108.07207207207207,337.51801801801804,slip1_area5
cancer_20210119_slip1_area5_long_acq_corr_long_acq_blue_0.0454_green_0.0671_1_cell_124,951,124.0,108.07207207207207,337.51801801801804,slip1_area5
cancer_20210119_slip1_area5_long_acq_corr_long_acq_blue_0.0454_green_0.0671_1_cell_124,952,124.0,108.07207207207207,337.51801801801804,slip1_area5
cancer_20210119_slip1_area5_long_acq_corr_long_acq_blue_0.0454_green_0.0671_1_cell_124,953,124.0,108.07207207207207,337.51801801801804,slip1_area5
cancer_20210119_slip1_area5_long_acq_corr_long_acq_blue_0.0454_green_0.0671_1_cell_124,954,124.0,108.07207207207207,337.51801801801804,slip1_area5
cancer_20210119_slip1_area5_long_acq_corr_long_acq_blue_0.0454_green_0.0671_1_cell_124,955,124.0,108.07207207207207,337.51801801801804,slip1_area5
cancer_20210119_slip1_area5_long_acq_corr_long_acq_blue_0.0454_green_0.0671_1_cell_124,964,124.0,108.07207207207207,337.51801801801804,slip1_area5
cancer_20210119_slip1_area5_long_acq_corr_long_acq_blue_0.0454_green_0.0671_1_cell_124,965,124.0,108.07207207207207,337.51801801801804,slip1_area5
cancer_20210119_slip1_area5_long_acq_corr_long_acq_blue_0.0454_green_0.0671_1_cell_124,972,124.0,108.07207207207207,337.51801801801804,slip1_area5
cancer_20210119_slip1_area5_long_acq_corr_long_acq_blue_0.0454_green_0.0671_1_cell_124,997,124.0,108.07207207207207,337.51801801801804,slip1_area5
cancer_20210119_slip2_area1_long_acq_corr_long_acq_blue_0.0454_green_0.0671_1_cell_133,10,133.0,203.12638580931264,228.339246119734,slip2_area1
cancer_20210119_slip2_area1_long_acq_corr_long_acq_blue_0.0454_green_0.0671_1_cell_133,14,133.0,203.12638580931264,228.339246119734,slip2_area1
cancer_20210119_slip2_area1_long_acq_corr_long_acq_blue_0.0454_green_0.0671_1_cell_133,19,133.0,203.12638580931264,228.339246119734,slip2_area1
cancer_20210119_slip2_area1_long_acq_corr_long_acq_blue_0.0454_green_0.0671_1_cell_133,20,133.0,203.12638580931264,228.339246119734,slip2_area1
cancer_20210119_slip2_area1_long_acq_corr_long_acq_blue_0.0454_green_0.0671_1_cell_133,21,133.0,203.12638580931264,228.339246119734,slip2_area1
cancer_20210119_slip2_area1_long_acq_corr_long_acq_blue_0.0454_green_0.0671_1_cell_133,22,133.0,203.12638580931264,228.339246119734,slip2_area1
cancer_20210119_slip2_area1_long_acq_corr_long_acq_blue_0.0454_green_0.0671_1_cell_133,23,133.0,203.12638580931264,228.339246119734,slip2_area1
cancer_20210119_slip2_area1_long_acq_corr_long_acq_blue_0.0454_green_0.0671_1_cell_133,24,133.0,203.12638580931264,228.339246119734,slip2_area1
cancer_20210119_slip2_area1_long_acq_corr_long_acq_blue_0.0454_green_0.0671_1_cell_133,26,133.0,203.12638580931264,228.339246119734,slip2_area1
cancer_20210119_slip2_area1_long_acq_corr_long_acq_blue_0.0454_green_0.0671_1_cell_133,27,133.0,203.12638580931264,228.339246119734,slip2_area1
cancer_20210119_slip2_area1_long_acq_corr_long_acq_blue_0.0454_green_0.0671_1_cell_133,28,133.0,203.12638580931264,228.339246119734,slip2_area1
cancer_20210119_slip2_area1_long_acq_corr_long_acq_blue_0.0454_green_0.0671_1_cell_133,33,133.0,203.12638580931264,228.339246119734,slip2_area1
cancer_20210119_slip2_area1_long_acq_corr_long_acq_blue_0.0454_green_0.0671_1_cell_133,34,133.0,203.12638580931264,228.339246119734,slip2_area1
cancer_20210119_slip2_area1_long_acq_corr_long_acq_blue_0.0454_green_0.0671_1_cell_133,35,133.0,203.12638580931264,228.339246119734,slip2_area1
cancer_20210119_slip2_area1_long_acq_corr_long_acq_blue_0.0454_green_0.0671_1_cell_133,36,133.0,203.12638580931264,228.339246119734,slip2_area1
cancer_20210119_slip2_area1_long_acq_corr_long_acq_blue_0.0454_green_0.0671_1_cell_133,37,133.0,203.12638580931264,228.339246119734,slip2_area1
cancer_20210119_slip2_area1_long_acq_corr_long_acq_blue_0.0454_green_0.0671_1_cell_133,47,133.0,203.12638580931264,228.339246119734,slip2_area1
cancer_20210119_slip2_area1_long_acq_corr_long_acq_blue_0.0454_green_0.0671_1_cell_133,48,133.0,203.12638580931264,228.339246119734,slip2_area1
cancer_20210119_slip2_area1_long_acq_corr_long_acq_blue_0.0454_green_0.0671_1_cell_133,49,133.0,203.12638580931264,228.339246119734,slip2_area1
cancer_20210119_slip2_area1_long_acq_corr_long_acq_blue_0.0454_green_0.0671_1_cell_133,54,133.0,203.12638580931264,228.339246119734,slip2_area1
cancer_20210119_slip2_area1_long_acq_corr_long_acq_blue_0.0454_green_0.0671_1_cell_133,57,133.0,203.12638580931264,228.339246119734,slip2_area1
cancer_20210119_slip2_area1_long_acq_corr_long_acq_blue_0.0454_green_0.0671_1_cell_133,66,133.0,203.12638580931264,228.339246119734,slip2_area1
cancer_20210119_slip2_area1_long_acq_corr_long_acq_blue_0.0454_green_0.0671_1_cell_133,67,133.0,203.12638580931264,228.339246119734,slip2_area1
cancer_20210119_slip2_area1_long_acq_corr_long_acq_blue_0.0454_green_0.0671_1_cell_133,68,133.0,203.12638580931264,228.339246119734,slip2_area1
cancer_20210119_slip2_area1_long_acq_corr_long_acq_blue_0.0454_green_0.0671_1_cell_133,103,133.0,203.12638580931264,228.339246119734,slip2_area1
cancer_20210119_slip2_area1_long_acq_corr_long_acq_blue_0.0454_green_0.0671_1_cell_133,104,133.0,203.12638580931264,228.339246119734,slip2_area1
cancer_20210119_slip2_area1_long_acq_corr_long_acq_blue_0.0454_green_0.0671_1_cell_133,105,133.0,203.12638580931264,228.339246119734,slip2_area1
cancer_20210119_slip2_area1_long_acq_corr_long_acq_blue_0.0454_green_0.0671_1_cell_133,106,133.0,203.12638580931264,228.339246119734,slip2_area1
cancer_20210119_slip2_area1_long_acq_corr_long_acq_blue_0.0454_green_0.0671_1_cell_133,107,133.0,203.12638580931264,228.339246119734,slip2_area1
cancer_20210119_slip2_area1_long_acq_corr_long_acq_blue_0.0454_green_0.0671_1_cell_133,190,133.0,203.12638580931264,228.339246119734,slip2_area1
cancer_20210119_slip2_area1_long_acq_corr_long_acq_blue_0.0454_green_0.0671_1_cell_133,192,133.0,203.12638580931264,228.339246119734,slip2_area1
cancer_20210119_slip2_area1_long_acq_corr_long_acq_blue_0.0454_green_0.0671_1_cell_133,193,133.0,203.12638580931264,228.339246119734,slip2_area1
cancer_20210119_slip2_area1_long_acq_corr_long_acq_blue_0.0454_green_0.0671_1_cell_133,263,133.0,203.12638580931264,228.339246119734,slip2_area1
cancer_20210119_slip2_area1_long_acq_corr_long_acq_blue_0.0454_green_0.0671_1_cell_133,264,133.0,203.12638580931264,228.339246119734,slip2_area1
cancer_20210119_slip2_area1_long_acq_corr_long_acq_blue_0.0454_green_0.0671_1_cell_133,269,133.0,203.12638580931264,228.339246119734,slip2_area1
cancer_20210119_slip2_area1_long_acq_corr_long_acq_blue_0.0454_green_0.0671_1_cell_133,414,133.0,203.12638580931264,228.339246119734,slip2_area1
cancer_20210119_slip2_area1_long_acq_corr_long_acq_blue_0.0454_green_0.0671_1_cell_133,497,133.0,203.12638580931264,228.339246119734,slip2_area1
cancer_20210119_slip2_area1_long_acq_corr_long_acq_blue_0.0454_green_0.0671_1_cell_133,509,133.0,203.12638580931264,228.339246119734,slip2_area1
cancer_20210119_slip2_area1_long_acq_corr_long_acq_blue_0.0454_green_0.0671_1_cell_133,515,133.0,203.12638580931264,228.339246119734,slip2_area1
cancer_20210119_slip2_area1_long_acq_corr_long_acq_blue_0.0454_green_0.0671_1_cell_133,521,133.0,203.12638580931264,228.339246119734,slip2_area1
cancer_20210119_slip2_area1_long_acq_corr_long_acq_blue_0.0454_green_0.0671_1_cell_133,522,133.0,203.12638580931264,228.339246119734,slip2_area1
cancer_20210119_slip2_area1_long_acq_corr_long_acq_blue_0.0454_green_0.0671_1_cell_133,523,133.0,203.12638580931264,228.339246119734,slip2_area1
cancer_20210119_slip2_area1_long_acq_corr_long_acq_blue_0.0454_green_0.0671_1_cell_133,526,133.0,203.12638580931264,228.339246119734,slip2_area1
cancer_20210119_slip2_area1_long_acq_corr_long_acq_blue_0.0454_green_0.0671_1_cell_133,527,133.0,203.12638580931264,228.339246119734,slip2_area1
cancer_20210119_slip2_area1_long_acq_corr_long_acq_blue_0.0454_green_0.0671_1_cell_133,528,133.0,203.12638580931264,228.339246119734,slip2_area1
cancer_20210119_slip2_area1_long_acq_corr_long_acq_blue_0.0454_green_0.0671_1_cell_133,530,133.0,203.12638580931264,228.339246119734,slip2_area1
cancer_20210119_slip2_area1_long_acq_corr_long_acq_blue_0.0454_green_0.0671_1_cell_133,531,133.0,203.12638580931264,228.339246119734,slip2_area1
cancer_20210119_slip2_area1_long_acq_corr_long_acq_blue_0.0454_green_0.0671_1_cell_133,532,133.0,203.12638580931264,228.339246119734,slip2_area1
cancer_20210119_slip2_area1_long_acq_corr_long_acq_blue_0.0454_green_0.0671_1_cell_133,533,133.0,203.12638580931264,228.339246119734,slip2_area1
cancer_20210119_slip2_area1_long_acq_corr_long_acq_blue_0.0454_green_0.0671_1_cell_133,534,133.0,203.12638580931264,228.339246119734,slip2_area1
cancer_20210119_slip2_area1_long_acq_corr_long_acq_blue_0.0454_green_0.0671_1_cell_133,535,133.0,203.12638580931264,228.339246119734,slip2_area1
cancer_20210119_slip2_area1_long_acq_corr_long_acq_blue_0.0454_green_0.0671_1_cell_133,537,133.0,203.12638580931264,228.339246119734,slip2_area1
cancer_20210119_slip2_area1_long_acq_corr_long_acq_blue_0.0454_green_0.0671_1_cell_133,538,133.0,203.12638580931264,228.339246119734,slip2_area1
cancer_20210119_slip2_area1_long_acq_corr_long_acq_blue_0.0454_green_0.0671_1_cell_133,539,133.0,203.12638580931264,228.339246119734,slip2_area1
cancer_20210119_slip2_area1_long_acq_corr_long_acq_blue_0.0454_green_0.0671_1_cell_133,540,133.0,203.12638580931264,228.339246119734,slip2_area1
cancer_20210119_slip2_area1_long_acq_corr_long_acq_blue_0.0454_green_0.0671_1_cell_133,541,133.0,203.12638580931264,228.339246119734,slip2_area1
cancer_20210119_slip2_area1_long_acq_corr_long_acq_blue_0.0454_green_0.0671_1_cell_133,542,133.0,203.12638580931264,228.339246119734,slip2_area1
cancer_20210119_slip2_area1_long_acq_corr_long_acq_blue_0.0454_green_0.0671_1_cell_133,543,133.0,203.12638580931264,228.339246119734,slip2_area1
cancer_20210119_slip2_area1_long_acq_corr_long_acq_blue_0.0454_green_0.0671_1_cell_133,684,133.0,203.12638580931264,228.339246119734,slip2_area1
cancer_20210119_slip2_area1_long_acq_corr_long_acq_blue_0.0454_green_0.0671_1_cell_133,685,133.0,203.12638580931264,228.339246119734,slip2_area1
cancer_20210119_slip2_area1_long_acq_corr_long_acq_blue_0.0454_green_0.0671_1_cell_133,686,133.0,203.12638580931264,228.339246119734,slip2_area1
cancer_20210119_slip2_area1_long_acq_corr_long_acq_blue_0.0454_green_0.0671_1_cell_133,687,133.0,203.12638580931264,228.339246119734,slip2_area1
cancer_20210119_slip2_area1_long_acq_corr_long_acq_blue_0.0454_green_0.0671_1_cell_133,706,133.0,203.12638580931264,228.339246119734,slip2_area1
cancer_20210119_slip2_area1_long_acq_corr_long_acq_blue_0.0454_green_0.0671_1_cell_145,5,145.0,265.21062992125985,250.4173228346457,slip2_area1
cancer_20210119_slip2_area1_long_acq_corr_long_acq_blue_0.0454_green_0.0671_1_cell_145,14,145.0,265.21062992125985,250.4173228346457,slip2_area1
cancer_20210119_slip2_area1_long_acq_corr_long_acq_blue_0.0454_green_0.0671_1_cell_145,15,145.0,265.21062992125985,250.4173228346457,slip2_area1
cancer_20210119_slip2_area1_long_acq_corr_long_acq_blue_0.0454_green_0.0671_1_cell_145,16,145.0,265.21062992125985,250.4173228346457,slip2_area1
cancer_20210119_slip2_area1_long_acq_corr_long_acq_blue_0.0454_green_0.0671_1_cell_145,18,145.0,265.21062992125985,250.4173228346457,slip2_area1
cancer_20210119_slip2_area1_long_acq_corr_long_acq_blue_0.0454_green_0.0671_1_cell_145,20,145.0,265.21062992125985,250.4173228346457,slip2_area1
cancer_20210119_slip2_area1_long_acq_corr_long_acq_blue_0.0454_green_0.0671_1_cell_145,21,145.0,265.21062992125985,250.4173228346457,slip2_area1
cancer_20210119_slip2_area1_long_acq_corr_long_acq_blue_0.0454_green_0.0671_1_cell_145,22,145.0,265.21062992125985,250.4173228346457,slip2_area1
cancer_20210119_slip2_area1_long_acq_corr_long_acq_blue_0.0454_green_0.0671_1_cell_145,23,145.0,265.21062992125985,250.4173228346457,slip2_area1
cancer_20210119_slip2_area1_long_acq_corr_long_acq_blue_0.0454_green_0.0671_1_cell_145,25,145.0,265.21062992125985,250.4173228346457,slip2_area1
cancer_20210119_slip2_area1_long_acq_corr_long_acq_blue_0.0454_green_0.0671_1_cell_145,26,145.0,265.21062992125985,250.4173228346457,slip2_area1
cancer_20210119_slip2_area1_long_acq_corr_long_acq_blue_0.0454_green_0.0671_1_cell_145,28,145.0,265.21062992125985,250.4173228346457,slip2_area1
cancer_20210119_slip2_area1_long_acq_corr_long_acq_blue_0.0454_green_0.0671_1_cell_145,29,145.0,265.21062992125985,250.4173228346457,slip2_area1
cancer_20210119_slip2_area1_long_acq_corr_long_acq_blue_0.0454_green_0.0671_1_cell_145,30,145.0,265.21062992125985,250.4173228346457,slip2_area1
cancer_20210119_slip2_area1_long_acq_corr_long_acq_blue_0.0454_green_0.0671_1_cell_145,31,145.0,265.21062992125985,250.4173228346457,slip2_area1
cancer_20210119_slip2_area1_long_acq_corr_long_acq_blue_0.0454_green_0.0671_1_cell_145,49,145.0,265.21062992125985,250.4173228346457,slip2_area1
cancer_20210119_slip2_area1_long_acq_corr_long_acq_blue_0.0454_green_0.0671_1_cell_145,50,145.0,265.21062992125985,250.4173228346457,slip2_area1
cancer_20210119_slip2_area1_long_acq_corr_long_acq_blue_0.0454_green_0.0671_1_cell_145,51,145.0,265.21062992125985,250.4173228346457,slip2_area1
cancer_20210119_slip2_area1_long_acq_corr_long_acq_blue_0.0454_green_0.0671_1_cell_145,52,145.0,265.21062992125985,250.4173228346457,slip2_area1
cancer_20210119_slip2_area1_long_acq_corr_long_acq_blue_0.0454_green_0.0671_1_cell_145,55,145.0,265.21062992125985,250.4173228346457,slip2_area1
cancer_20210119_slip2_area1_long_acq_corr_long_acq_blue_0.0454_green_0.0671_1_cell_145,63,145.0,265.21062992125985,250.4173228346457,slip2_area1
cancer_20210119_slip2_area1_long_acq_corr_long_acq_blue_0.0454_green_0.0671_1_cell_145,73,145.0,265.21062992125985,250.4173228346457,slip2_area1
cancer_20210119_slip2_area1_long_acq_corr_long_acq_blue_0.0454_green_0.0671_1_cell_145,272,145.0,265.21062992125985,250.4173228346457,slip2_area1
cancer_20210119_slip2_area1_long_acq_corr_long_acq_blue_0.0454_green_0.0671_1_cell_145,535,145.0,265.21062992125985,250.4173228346457,slip2_area1
cancer_20210119_slip2_area1_long_acq_corr_long_acq_blue_0.0454_green_0.0671_1_cell_145,536,145.0,265.21062992125985,250.4173228346457,slip2_area1
cancer_20210119_slip2_area1_long_acq_corr_long_acq_blue_0.0454_green_0.0671_1_cell_145,537,145.0,265.21062992125985,250.4173228346457,slip2_area1
cancer_20210119_slip2_area1_long_acq_corr_long_acq_blue_0.0454_green_0.0671_1_cell_149,21,149.0,188.11750599520383,256.48681055155873,slip2_area1
cancer_20210119_slip2_area1_long_acq_corr_long_acq_blue_0.0454_green_0.0671_1_cell_149,22,149.0,188.11750599520383,256.48681055155873,slip2_area1
cancer_20210119_slip2_area1_long_acq_corr_long_acq_blue_0.0454_green_0.0671_1_cell_149,25,149.0,188.11750599520383,256.48681055155873,slip2_area1
cancer_20210119_slip2_area1_long_acq_corr_long_acq_blue_0.0454_green_0.0671_1_cell_150,13,150.0,221.09541984732823,256.7461832061069,slip2_area1
cancer_20210119_slip2_area1_long_acq_corr_long_acq_blue_0.0454_green_0.0671_1_cell_150,19,150.0,221.09541984732823,256.7461832061069,slip2_area1
cancer_20210119_slip2_area1_long_acq_corr_long_acq_blue_0.0454_green_0.0671_1_cell_150,20,150.0,221.09541984732823,256.7461832061069,slip2_area1
cancer_20210119_slip2_area1_long_acq_corr_long_acq_blue_0.0454_green_0.0671_1_cell_150,21,150.0,221.09541984732823,256.7461832061069,slip2_area1
cancer_20210119_slip2_area1_long_acq_corr_long_acq_blue_0.0454_green_0.0671_1_cell_150,22,150.0,221.09541984732823,256.7461832061069,slip2_area1
cancer_20210119_slip2_area1_long_acq_corr_long_acq_blue_0.0454_green_0.0671_1_cell_150,23,150.0,221.09541984732823,256.7461832061069,slip2_area1
cancer_20210119_slip2_area1_long_acq_corr_long_acq_blue_0.0454_green_0.0671_1_cell_150,24,150.0,221.09541984732823,256.7461832061069,slip2_area1
cancer_20210119_slip2_area1_long_acq_corr_long_acq_blue_0.0454_green_0.0671_1_cell_150,25,150.0,221.09541984732823,256.7461832061069,slip2_area1
cancer_20210119_slip2_area1_long_acq_corr_long_acq_blue_0.0454_green_0.0671_1_cell_150,26,150.0,221.09541984732823,256.7461832061069,slip2_area1
cancer_20210119_slip2_area1_long_acq_corr_long_acq_blue_0.0454_green_0.0671_1_cell_150,29,150.0,221.09541984732823,256.7461832061069,slip2_area1
cancer_20210119_slip2_area1_long_acq_corr_long_acq_blue_0.0454_green_0.0671_1_cell_150,30,150.0,221.09541984732823,256.7461832061069,slip2_area1
cancer_20210119_slip2_area1_long_acq_corr_long_acq_blue_0.0454_green_0.0671_1_cell_150,46,150.0,221.09541984732823,256.7461832061069,slip2_area1
cancer_20210119_slip2_area1_long_acq_corr_long_acq_blue_0.0454_green_0.0671_1_cell_150,49,150.0,221.09541984732823,256.7461832061069,slip2_area1
cancer_20210119_slip2_area1_long_acq_corr_long_acq_blue_0.0454_green_0.0671_1_cell_150,50,150.0,221.09541984732823,256.7461832061069,slip2_area1
cancer_20210119_slip2_area1_long_acq_corr_long_acq_blue_0.0454_green_0.0671_1_cell_150,52,150.0,221.09541984732823,256.7461832061069,slip2_area1
cancer_20210119_slip2_area1_long_acq_corr_long_acq_blue_0.0454_green_0.0671_1_cell_150,53,150.0,221.09541984732823,256.7461832061069,slip2_area1
cancer_20210119_slip2_area1_long_acq_corr_long_acq_blue_0.0454_green_0.0671_1_cell_150,54,150.0,221.09541984732823,256.7461832061069,slip2_area1
cancer_20210119_slip2_area1_long_acq_corr_long_acq_blue_0.0454_green_0.0671_1_cell_150,56,150.0,221.09541984732823,256.7461832061069,slip2_area1
cancer_20210119_slip2_area1_long_acq_corr_long_acq_blue_0.0454_green_0.0671_1_cell_150,57,150.0,221.09541984732823,256.7461832061069,slip2_area1
cancer_20210119_slip2_area1_long_acq_corr_long_acq_blue_0.0454_green_0.0671_1_cell_150,63,150.0,221.09541984732823,256.7461832061069,slip2_area1
cancer_20210119_slip2_area1_long_acq_corr_long_acq_blue_0.0454_green_0.0671_1_cell_150,64,150.0,221.09541984732823,256.7461832061069,slip2_area1
cancer_20210119_slip2_area1_long_acq_corr_long_acq_blue_0.0454_green_0.0671_1_cell_150,65,150.0,221.09541984732823,256.7461832061069,slip2_area1
cancer_20210119_slip2_area1_long_acq_corr_long_acq_blue_0.0454_green_0.0671_1_cell_150,66,150.0,221.09541984732823,256.7461832061069,slip2_area1
cancer_20210119_slip2_area1_long_acq_corr_long_acq_blue_0.0454_green_0.0671_1_cell_150,67,150.0,221.09541984732823,256.7461832061069,slip2_area1
cancer_20210119_slip2_area1_long_acq_corr_long_acq_blue_0.0454_green_0.0671_1_cell_150,70,150.0,221.09541984732823,256.7461832061069,slip2_area1
cancer_20210119_slip2_area1_long_acq_corr_long_acq_blue_0.0454_green_0.0671_1_cell_150,71,150.0,221.09541984732823,256.7461832061069,slip2_area1
cancer_20210119_slip2_area1_long_acq_corr_long_acq_blue_0.0454_green_0.0671_1_cell_150,72,150.0,221.09541984732823,256.7461832061069,slip2_area1
cancer_20210119_slip2_area1_long_acq_corr_long_acq_blue_0.0454_green_0.0671_1_cell_150,73,150.0,221.09541984732823,256.7461832061069,slip2_area1
cancer_20210119_slip2_area1_long_acq_corr_long_acq_blue_0.0454_green_0.0671_1_cell_150,103,150.0,221.09541984732823,256.7461832061069,slip2_area1
cancer_20210119_slip2_area1_long_acq_corr_long_acq_blue_0.0454_green_0.0671_1_cell_150,104,150.0,221.09541984732823,256.7461832061069,slip2_area1
cancer_20210119_slip2_area1_long_acq_corr_long_acq_blue_0.0454_green_0.0671_1_cell_150,105,150.0,221.09541984732823,256.7461832061069,slip2_area1
cancer_20210119_slip2_area1_long_acq_corr_long_acq_blue_0.0454_green_0.0671_1_cell_150,106,150.0,221.09541984732823,256.7461832061069,slip2_area1
cancer_20210119_slip2_area1_long_acq_corr_long_acq_blue_0.0454_green_0.0671_1_cell_150,107,150.0,221.09541984732823,256.7461832061069,slip2_area1
cancer_20210119_slip2_area1_long_acq_corr_long_acq_blue_0.0454_green_0.0671_1_cell_150,193,150.0,221.09541984732823,256.7461832061069,slip2_area1
cancer_20210119_slip2_area1_long_acq_corr_long_acq_blue_0.0454_green_0.0671_1_cell_150,236,150.0,221.09541984732823,256.7461832061069,slip2_area1
cancer_20210119_slip2_area1_long_acq_corr_long_acq_blue_0.0454_green_0.0671_1_cell_150,490,150.0,221.09541984732823,256.7461832061069,slip2_area1
cancer_20210119_slip2_area1_long_acq_corr_long_acq_blue_0.0454_green_0.0671_1_cell_150,491,150.0,221.09541984732823,256.7461832061069,slip2_area1
cancer_20210119_slip2_area1_long_acq_corr_long_acq_blue_0.0454_green_0.0671_1_cell_150,539,150.0,221.09541984732823,256.7461832061069,slip2_area1
cancer_20210119_slip2_area1_long_acq_corr_long_acq_blue_0.0454_green_0.0671_1_cell_150,540,150.0,221.09541984732823,256.7461832061069,slip2_area1
cancer_20210119_slip2_area1_long_acq_corr_long_acq_blue_0.0454_green_0.0671_1_cell_150,541,150.0,221.09541984732823,256.7461832061069,slip2_area1
cancer_20210119_slip2_area1_long_acq_corr_long_acq_blue_0.0454_green_0.0671_1_cell_150,683,150.0,221.09541984732823,256.7461832061069,slip2_area1
cancer_20210119_slip2_area1_long_acq_corr_long_acq_blue_0.0454_green_0.0671_1_cell_150,684,150.0,221.09541984732823,256.7461832061069,slip2_area1
cancer_20210119_slip2_area1_long_acq_corr_long_acq_blue_0.0454_green_0.0671_1_cell_185,0,185.0,362.9708108108108,320.8227027027027,slip2_area1
cancer_20210119_slip2_area1_long_acq_corr_long_acq_blue_0.0454_green_0.0671_1_cell_185,2,185.0,362.9708108108108,320.8227027027027,slip2_area1
cancer_20210119_slip2_area1_long_acq_corr_long_acq_blue_0.0454_green_0.0671_1_cell_185,3,185.0,362.9708108108108,320.8227027027027,slip2_area1
cancer_20210119_slip2_area1_long_acq_corr_long_acq_blue_0.0454_green_0.0671_1_cell_185,6,185.0,362.9708108108108,320.8227027027027,slip2_area1
cancer_20210119_slip2_area1_long_acq_corr_long_acq_blue_0.0454_green_0.0671_1_cell_185,10,185.0,362.9708108108108,320.8227027027027,slip2_area1
cancer_20210119_slip2_area1_long_acq_corr_long_acq_blue_0.0454_green_0.0671_1_cell_185,11,185.0,362.9708108108108,320.8227027027027,slip2_area1
cancer_20210119_slip2_area1_long_acq_corr_long_acq_blue_0.0454_green_0.0671_1_cell_185,12,185.0,362.9708108108108,320.8227027027027,slip2_area1
cancer_20210119_slip2_area1_long_acq_corr_long_acq_blue_0.0454_green_0.0671_1_cell_185,25,185.0,362.9708108108108,320.8227027027027,slip2_area1
cancer_20210119_slip2_area1_long_acq_corr_long_acq_blue_0.0454_green_0.0671_1_cell_185,156,185.0,362.9708108108108,320.8227027027027,slip2_area1
cancer_20210119_slip2_area1_long_acq_corr_long_acq_blue_0.0454_green_0.0671_1_cell_185,157,185.0,362.9708108108108,320.8227027027027,slip2_area1
cancer_20210119_slip2_area1_long_acq_corr_long_acq_blue_0.0454_green_0.0671_1_cell_185,159,185.0,362.9708108108108,320.8227027027027,slip2_area1
cancer_20210119_slip2_area1_long_acq_corr_long_acq_blue_0.0454_green_0.0671_1_cell_185,160,185.0,362.9708108108108,320.8227027027027,slip2_area1
cancer_20210119_slip2_area1_long_acq_corr_long_acq_blue_0.0454_green_0.0671_1_cell_185,161,185.0,362.9708108108108,320.8227027027027,slip2_area1
cancer_20210119_slip2_area1_long_acq_corr_long_acq_blue_0.0454_green_0.0671_1_cell_185,162,185.0,362.9708108108108,320.8227027027027,slip2_area1
cancer_20210119_slip2_area1_long_acq_corr_long_acq_blue_0.0454_green_0.0671_1_cell_185,163,185.0,362.9708108108108,320.8227027027027,slip2_area1
cancer_20210119_slip2_area1_long_acq_corr_long_acq_blue_0.0454_green_0.0671_1_cell_185,164,185.0,362.9708108108108,320.8227027027027,slip2_area1
cancer_20210119_slip2_area1_long_acq_corr_long_acq_blue_0.0454_green_0.0671_1_cell_185,165,185.0,362.9708108108108,320.8227027027027,slip2_area1
cancer_20210119_slip2_area1_long_acq_corr_long_acq_blue_0.0454_green_0.0671_1_cell_185,483,185.0,362.9708108108108,320.8227027027027,slip2_area1
cancer_20210119_slip4_area1_long_acq_long_acq_blue_0.0454_green_0.0671_1_cell_198,34,198.0,118.68939393939394,309.7234848484849,slip4_area1
cancer_20210119_slip4_area1_long_acq_long_acq_blue_0.0454_green_0.0671_1_cell_198,35,198.0,118.68939393939394,309.7234848484849,slip4_area1
cancer_20210119_slip4_area1_long_acq_long_acq_blue_0.0454_green_0.0671_1_cell_198,95,198.0,118.68939393939394,309.7234848484849,slip4_area1
cancer_20210119_slip4_area1_long_acq_long_acq_blue_0.0454_green_0.0671_1_cell_198,99,198.0,118.68939393939394,309.7234848484849,slip4_area1
cancer_20210119_slip4_area1_long_acq_long_acq_blue_0.0454_green_0.0671_1_cell_198,100,198.0,118.68939393939394,309.7234848484849,slip4_area1
cancer_20210119_slip4_area1_long_acq_long_acq_blue_0.0454_green_0.0671_1_cell_198,148,198.0,118.68939393939394,309.7234848484849,slip4_area1
cancer_20210119_slip4_area1_long_acq_long_acq_blue_0.0454_green_0.0671_1_cell_198,154,198.0,118.68939393939394,309.7234848484849,slip4_area1
cancer_20210119_slip4_area1_long_acq_long_acq_blue_0.0454_green_0.0671_1_cell_198,281,198.0,118.68939393939394,309.7234848484849,slip4_area1
cancer_20210119_slip4_area1_long_acq_long_acq_blue_0.0454_green_0.0671_1_cell_198,282,198.0,118.68939393939394,309.7234848484849,slip4_area1
cancer_20210119_slip4_area1_long_acq_long_acq_blue_0.0454_green_0.0671_1_cell_198,284,198.0,118.68939393939394,309.7234848484849,slip4_area1
cancer_20210119_slip4_area1_long_acq_long_acq_blue_0.0454_green_0.0671_1_cell_198,285,198.0,118.68939393939394,309.7234848484849,slip4_area1
cancer_20210119_slip4_area1_long_acq_long_acq_blue_0.0454_green_0.0671_1_cell_198,323,198.0,118.68939393939394,309.7234848484849,slip4_area1
cancer_20210119_slip4_area1_long_acq_long_acq_blue_0.0454_green_0.0671_1_cell_198,324,198.0,118.68939393939394,309.7234848484849,slip4_area1
cancer_20210119_slip4_area1_long_acq_long_acq_blue_0.0454_green_0.0671_1_cell_198,411,198.0,118.68939393939394,309.7234848484849,slip4_area1
cancer_20210119_slip4_area1_long_acq_long_acq_blue_0.0454_green_0.0671_1_cell_198,418,198.0,118.68939393939394,309.7234848484849,slip4_area1
cancer_20210119_slip4_area1_long_acq_long_acq_blue_0.0454_green_0.0671_1_cell_198,421,198.0,118.68939393939394,309.7234848484849,slip4_area1
cancer_20210119_slip4_area1_long_acq_long_acq_blue_0.0454_green_0.0671_1_cell_198,428,198.0,118.68939393939394,309.7234848484849,slip4_area1
cancer_20210119_slip4_area1_long_acq_long_acq_blue_0.0454_green_0.0671_1_cell_198,431,198.0,118.68939393939394,309.7234848484849,slip4_area1
cancer_20210119_slip4_area1_long_acq_long_acq_blue_0.0454_green_0.0671_1_cell_198,432,198.0,118.68939393939394,309.7234848484849,slip4_area1
cancer_20210119_slip4_area1_long_acq_long_acq_blue_0.0454_green_0.0671_1_cell_198,436,198.0,118.68939393939394,309.7234848484849,slip4_area1
cancer_20210119_slip4_area1_long_acq_long_acq_blue_0.0454_green_0.0671_1_cell_198,438,198.0,118.68939393939394,309.7234848484849,slip4_area1
cancer_20210119_slip4_area1_long_acq_long_acq_blue_0.0454_green_0.0671_1_cell_198,439,198.0,118.68939393939394,309.7234848484849,slip4_area1
cancer_20210119_slip4_area1_long_acq_long_acq_blue_0.0454_green_0.0671_1_cell_198,515,198.0,118.68939393939394,309.7234848484849,slip4_area1
cancer_20210119_slip4_area1_long_acq_long_acq_blue_0.0454_green_0.0671_1_cell_198,531,198.0,118.68939393939394,309.7234848484849,slip4_area1
cancer_20210119_slip4_area1_long_acq_long_acq_blue_0.0454_green_0.0671_1_cell_198,590,198.0,118.68939393939394,309.7234848484849,slip4_area1
cancer_20210119_slip4_area1_long_acq_long_acq_blue_0.0454_green_0.0671_1_cell_198,602,198.0,118.68939393939394,309.7234848484849,slip4_area1
cancer_20210119_slip4_area1_long_acq_long_acq_blue_0.0454_green_0.0671_1_cell_198,603,198.0,118.68939393939394,309.7234848484849,slip4_area1
cancer_20210119_slip4_area1_long_acq_long_acq_blue_0.0454_green_0.0671_1_cell_198,604,198.0,118.68939393939394,309.7234848484849,slip4_area1
cancer_20210119_slip4_area1_long_acq_long_acq_blue_0.0454_green_0.0671_1_cell_198,606,198.0,118.68939393939394,309.7234848484849,slip4_area1
cancer_20210119_slip4_area1_long_acq_long_acq_blue_0.0454_green_0.0671_1_cell_198,607,198.0,118.68939393939394,309.7234848484849,slip4_area1
cancer_20210119_slip4_area1_long_acq_long_acq_blue_0.0454_green_0.0671_1_cell_198,733,198.0,118.68939393939394,309.7234848484849,slip4_area1
cancer_20210119_slip4_area1_long_acq_long_acq_blue_0.0454_green_0.0671_1_cell_198,800,198.0,118.68939393939394,309.7234848484849,slip4_area1
cancer_20210119_slip4_area1_long_acq_long_acq_blue_0.0454_green_0.0671_1_cell_198,872,198.0,118.68939393939394,309.7234848484849,slip4_area1
cancer_20210119_slip4_area3_long_acq_long_acq_blue_0.0454_green_0.0671_1_cell_66,0,66.0,120.0734375,156.225,slip4_area3
cancer_20210312_slip4_area1_long_acq_corr_MCF10A_36deg_long_acq_blue_0.0425_green_0.097_1_cell_16,57,16.0,164.38252427184466,81.79805825242718,slip4_area1
cancer_20210312_slip4_area1_long_acq_corr_MCF10A_36deg_long_acq_blue_0.0425_green_0.097_1_cell_16,81,16.0,164.38252427184466,81.79805825242718,slip4_area1
cancer_20210312_slip4_area1_long_acq_corr_MCF10A_36deg_long_acq_blue_0.0425_green_0.097_1_cell_16,82,16.0,164.38252427184466,81.79805825242718,slip4_area1
cancer_20210312_slip4_area1_long_acq_corr_MCF10A_36deg_long_acq_blue_0.0425_green_0.097_1_cell_16,878,16.0,164.38252427184466,81.79805825242718,slip4_area1
cancer_20210312_slip4_area1_long_acq_corr_MCF10A_36deg_long_acq_blue_0.0425_green_0.097_1_cell_54,864,54.0,299.46484375,183.1380208333333,slip4_area1
cancer_20210312_slip4_area1_long_acq_corr_MCF10A_36deg_long_acq_blue_0.0425_green_0.097_1_cell_54,867,54.0,299.46484375,183.1380208333333,slip4_area1
cancer_20210312_slip4_area1_long_acq_corr_MCF10A_36deg_long_acq_blue_0.0425_green_0.097_1_cell_106,468,106.0,360.9603524229075,354.6387665198238,slip4_area1
cancer_20210312_slip4_area1_long_acq_corr_MCF10A_36deg_long_acq_blue_0.0425_green_0.097_1_cell_106,469,106.0,360.9603524229075,354.6387665198238,slip4_area1
cancer_20210312_slip4_area1_long_acq_corr_MCF10A_36deg_long_acq_blue_0.0425_green_0.097_1_cell_106,470,106.0,360.9603524229075,354.6387665198238,slip4_area1
cancer_20210312_slip4_area1_long_acq_corr_MCF10A_36deg_long_acq_blue_0.0425_green_0.097_1_cell_106,474,106.0,360.9603524229075,354.6387665198238,slip4_area1
cancer_20210312_slip4_area1_long_acq_corr_MCF10A_36deg_long_acq_blue_0.0425_green_0.097_1_cell_106,475,106.0,360.9603524229075,354.6387665198238,slip4_area1
cancer_20210313_slip2_area1_long_acq_MCF10A_37deg_long_acq_blue_0.0506_green_0.097_1_cell_136,600,136.0,235.20581113801447,267.5944309927361,slip2_area1
cancer_20210313_slip2_area1_long_acq_MCF10A_37deg_long_acq_blue_0.0506_green_0.097_1_cell_136,615,136.0,235.20581113801447,267.5944309927361,slip2_area1
cancer_20210313_slip2_area1_long_acq_MCF10A_37deg_long_acq_blue_0.0506_green_0.097_1_cell_136,620,136.0,235.20581113801447,267.5944309927361,slip2_area1
cancer_20210313_slip2_area1_long_acq_MCF10A_37deg_long_acq_blue_0.0506_green_0.097_1_cell_139,578,139.0,306.7231025854879,271.32360300250207,slip2_area1
cancer_20210313_slip2_area1_long_acq_MCF10A_37deg_long_acq_blue_0.0506_green_0.097_1_cell_139,579,139.0,306.7231025854879,271.32360300250207,slip2_area1
cancer_20210313_slip2_area1_long_acq_MCF10A_37deg_long_acq_blue_0.0506_green_0.097_1_cell_139,580,139.0,306.7231025854879,271.32360300250207,slip2_area1
cancer_20210313_slip2_area1_long_acq_MCF10A_37deg_long_acq_blue_0.0506_green_0.097_1_cell_139,581,139.0,306.7231025854879,271.32360300250207,slip2_area1
cancer_20210313_slip2_area1_long_acq_MCF10A_37deg_long_acq_blue_0.0506_green_0.097_1_cell_139,715,139.0,306.7231025854879,271.32360300250207,slip2_area1
cancer_20210313_slip2_area1_long_acq_MCF10A_37deg_long_acq_blue_0.0506_green_0.097_1_cell_139,716,139.0,306.7231025854879,271.32360300250207,slip2_area1
cancer_20210313_slip2_area2_long_acq_MCF10A_37deg_long_acq_blue_0.0506_green_0.097_1_cell_144,658,144.0,287.57894736842104,407.8715789473685,slip2_area2
cancer_20210313_slip2_area2_long_acq_MCF10A_37deg_long_acq_blue_0.0506_green_0.097_1_cell_144,876,144.0,287.57894736842104,407.8715789473685,slip2_area2
cancer_20210313_slip2_area3_long_acq_MCF10A_37deg_long_acq_blue_0.0506_green_0.097_1_cell_74,94,74.0,320.8854166666667,217.3125,slip2_area3
cancer_20210313_slip2_area3_long_acq_MCF10A_37deg_long_acq_blue_0.0506_green_0.097_1_cell_74,95,74.0,320.8854166666667,217.3125,slip2_area3
cancer_20210313_slip2_area3_long_acq_MCF10A_37deg_long_acq_blue_0.0506_green_0.097_1_cell_74,96,74.0,320.8854166666667,217.3125,slip2_area3
cancer_20210313_slip2_area3_long_acq_MCF10A_37deg_long_acq_blue_0.0506_green_0.097_1_cell_74,97,74.0,320.8854166666667,217.3125,slip2_area3
cancer_20210313_slip2_area3_long_acq_MCF10A_37deg_long_acq_blue_0.0506_green_0.097_1_cell_74,325,74.0,320.8854166666667,217.3125,slip2_area3
cancer_20210313_slip2_area3_long_acq_MCF10A_37deg_long_acq_blue_0.0506_green_0.097_1_cell_74,336,74.0,320.8854166666667,217.3125,slip2_area3
cancer_20210313_slip2_area3_long_acq_MCF10A_37deg_long_acq_blue_0.0506_green_0.097_1_cell_74,360,74.0,320.8854166666667,217.3125,slip2_area3
cancer_20210313_slip2_area3_long_acq_MCF10A_37deg_long_acq_blue_0.0506_green_0.097_1_cell_74,361,74.0,320.8854166666667,217.3125,slip2_area3
cancer_20210313_slip2_area3_long_acq_MCF10A_37deg_long_acq_blue_0.0506_green_0.097_1_cell_74,362,74.0,320.8854166666667,217.3125,slip2_area3
cancer_20210313_slip2_area3_long_acq_MCF10A_37deg_long_acq_blue_0.0506_green_0.097_1_cell_74,646,74.0,320.8854166666667,217.3125,slip2_area3
cancer_20210313_slip2_area3_long_acq_MCF10A_37deg_long_acq_blue_0.0506_green_0.097_1_cell_74,654,74.0,320.8854166666667,217.3125,slip2_area3
cancer_20210313_slip2_area3_long_acq_MCF10A_37deg_long_acq_blue_0.0506_green_0.097_1_cell_74,803,74.0,320.8854166666667,217.3125,slip2_area3
cancer_20210313_slip2_area3_long_acq_MCF10A_37deg_long_acq_blue_0.0506_green_0.097_1_cell_74,804,74.0,320.8854166666667,217.3125,slip2_area3
cancer_20210313_slip2_area3_long_acq_MCF10A_37deg_long_acq_blue_0.0506_green_0.097_1_cell_74,824,74.0,320.8854166666667,217.3125,slip2_area3
cancer_20210313_slip2_area3_long_acq_MCF10A_37deg_long_acq_blue_0.0506_green_0.097_1_cell_74,825,74.0,320.8854166666667,217.3125,slip2_area3
cancer_20210313_slip2_area3_long_acq_MCF10A_37deg_long_acq_blue_0.0506_green_0.097_1_cell_86,89,86.0,315.15774647887326,232.35211267605635,slip2_area3
cancer_20210313_slip2_area3_long_acq_MCF10A_37deg_long_acq_blue_0.0506_green_0.097_1_cell_86,643,86.0,315.15774647887326,232.35211267605635,slip2_area3
cancer_20210313_slip2_area3_long_acq_MCF10A_37deg_long_acq_blue_0.0506_green_0.097_1_cell_86,649,86.0,315.15774647887326,232.35211267605635,slip2_area3
cancer_20210313_slip2_area3_long_acq_MCF10A_37deg_long_acq_blue_0.0506_green_0.097_1_cell_86,650,86.0,315.15774647887326,232.35211267605635,slip2_area3
cancer_20210313_slip2_area3_long_acq_MCF10A_37deg_long_acq_blue_0.0506_green_0.097_1_cell_86,654,86.0,315.15774647887326,232.35211267605635,slip2_area3
cancer_20210313_slip2_area3_long_acq_MCF10A_37deg_long_acq_blue_0.0506_green_0.097_1_cell_86,819,86.0,315.15774647887326,232.35211267605635,slip2_area3
cancer_20210313_slip2_area3_long_acq_MCF10A_37deg_long_acq_blue_0.0506_green_0.097_1_cell_86,820,86.0,315.15774647887326,232.35211267605635,slip2_area3
cancer_20210313_slip2_area3_long_acq_MCF10A_37deg_long_acq_blue_0.0506_green_0.097_1_cell_86,821,86.0,315.15774647887326,232.35211267605635,slip2_area3
cancer_20210313_slip2_area3_long_acq_MCF10A_37deg_long_acq_blue_0.0506_green_0.097_1_cell_86,822,86.0,315.15774647887326,232.35211267605635,slip2_area3
cancer_20210313_slip2_area3_long_acq_MCF10A_37deg_long_acq_blue_0.0506_green_0.097_1_cell_86,830,86.0,315.15774647887326,232.35211267605635,slip2_area3
cancer_20210313_slip2_area3_long_acq_MCF10A_37deg_long_acq_blue_0.0506_green_0.097_1_cell_86,833,86.0,315.15774647887326,232.35211267605635,slip2_area3
cancer_20210313_slip2_area3_long_acq_MCF10A_37deg_long_acq_blue_0.0506_green_0.097_1_cell_86,842,86.0,315.15774647887326,232.35211267605635,slip2_area3
cancer_20210313_slip2_area3_long_acq_MCF10A_37deg_long_acq_blue_0.0506_green_0.097_1_cell_86,845,86.0,315.15774647887326,232.35211267605635,slip2_area3
cancer_20210313_slip2_area3_long_acq_MCF10A_37deg_long_acq_blue_0.0506_green_0.097_1_cell_86,846,86.0,315.15774647887326,232.35211267605635,slip2_area3
cancer_20210313_slip4_area1_long_acq_corr_MCF10A_37deg_long_acq_blue_0.039_green_0.04734_1_cell_109,10,109.0,44.60650406504065,181.90569105691057,slip4_area1
cancer_20210313_slip4_area1_long_acq_corr_MCF10A_37deg_long_acq_blue_0.039_green_0.04734_1_cell_109,389,109.0,44.60650406504065,181.90569105691057,slip4_area1
cancer_20210313_slip4_area1_long_acq_corr_MCF10A_37deg_long_acq_blue_0.039_green_0.04734_1_cell_109,841,109.0,44.60650406504065,181.90569105691057,slip4_area1
cancer_20210313_slip4_area1_long_acq_corr_MCF10A_37deg_long_acq_blue_0.039_green_0.04734_1_cell_109,844,109.0,44.60650406504065,181.90569105691057,slip4_area1
cancer_20210313_slip4_area1_long_acq_corr_MCF10A_37deg_long_acq_blue_0.039_green_0.04734_1_cell_109,845,109.0,44.60650406504065,181.90569105691057,slip4_area1
cancer_20210313_slip4_area1_long_acq_corr_MCF10A_37deg_long_acq_blue_0.039_green_0.04734_1_cell_109,846,109.0,44.60650406504065,181.90569105691057,slip4_area1
cancer_20210313_slip4_area1_long_acq_corr_MCF10A_37deg_long_acq_blue_0.039_green_0.04734_1_cell_109,847,109.0,44.60650406504065,181.90569105691057,slip4_area1
cancer_20210313_slip4_area1_long_acq_corr_MCF10A_37deg_long_acq_blue_0.039_green_0.04734_1_cell_109,848,109.0,44.60650406504065,181.90569105691057,slip4_area1
cancer_20210313_slip4_area1_long_acq_corr_MCF10A_37deg_long_acq_blue_0.039_green_0.04734_1_cell_109,849,109.0,44.60650406504065,181.90569105691057,slip4_area1
cancer_20210313_slip4_area1_long_acq_corr_MCF10A_37deg_long_acq_blue_0.039_green_0.04734_1_cell_109,850,109.0,44.60650406504065,181.90569105691057,slip4_area1
cancer_20210313_slip4_area1_long_acq_corr_MCF10A_37deg_long_acq_blue_0.039_green_0.04734_1_cell_109,851,109.0,44.60650406504065,181.90569105691057,slip4_area1
cancer_20210313_slip4_area1_long_acq_corr_MCF10A_37deg_long_acq_blue_0.039_green_0.04734_1_cell_109,852,109.0,44.60650406504065,181.90569105691057,slip4_area1
cancer_20210313_slip4_area1_long_acq_corr_MCF10A_37deg_long_acq_blue_0.039_green_0.04734_1_cell_109,853,109.0,44.60650406504065,181.90569105691057,slip4_area1
cancer_20210313_slip4_area1_long_acq_corr_MCF10A_37deg_long_acq_blue_0.039_green_0.04734_1_cell_109,854,109.0,44.60650406504065,181.90569105691057,slip4_area1
cancer_20210313_slip4_area1_long_acq_corr_MCF10A_37deg_long_acq_blue_0.039_green_0.04734_1_cell_109,855,109.0,44.60650406504065,181.90569105691057,slip4_area1
cancer_20210313_slip4_area1_long_acq_corr_MCF10A_37deg_long_acq_blue_0.039_green_0.04734_1_cell_109,856,109.0,44.60650406504065,181.90569105691057,slip4_area1
cancer_20210313_slip4_area1_long_acq_corr_MCF10A_37deg_long_acq_blue_0.039_green_0.04734_1_cell_109,857,109.0,44.60650406504065,181.90569105691057,slip4_area1
cancer_20210313_slip4_area1_long_acq_corr_MCF10A_37deg_long_acq_blue_0.039_green_0.04734_1_cell_109,858,109.0,44.60650406504065,181.90569105691057,slip4_area1
cancer_20210313_slip4_area1_long_acq_corr_MCF10A_37deg_long_acq_blue_0.039_green_0.04734_1_cell_109,859,109.0,44.60650406504065,181.90569105691057,slip4_area1
cancer_20210313_slip4_area1_long_acq_corr_MCF10A_37deg_long_acq_blue_0.039_green_0.04734_1_cell_109,860,109.0,44.60650406504065,181.90569105691057,slip4_area1
cancer_20210313_slip4_area1_long_acq_corr_MCF10A_37deg_long_acq_blue_0.039_green_0.04734_1_cell_109,861,109.0,44.60650406504065,181.90569105691057,slip4_area1
cancer_20210313_slip4_area1_long_acq_corr_MCF10A_37deg_long_acq_blue_0.039_green_0.04734_1_cell_109,862,109.0,44.60650406504065,181.90569105691057,slip4_area1
cancer_20210313_slip4_area1_long_acq_corr_MCF10A_37deg_long_acq_blue_0.039_green_0.04734_1_cell_109,863,109.0,44.60650406504065,181.90569105691057,slip4_area1
cancer_20210313_slip4_area1_long_acq_corr_MCF10A_37deg_long_acq_blue_0.039_green_0.04734_1_cell_109,864,109.0,44.60650406504065,181.90569105691057,slip4_area1
cancer_20210313_slip4_area1_long_acq_corr_MCF10A_37deg_long_acq_blue_0.039_green_0.04734_1_cell_109,865,109.0,44.60650406504065,181.90569105691057,slip4_area1
cancer_20210313_slip4_area1_long_acq_corr_MCF10A_37deg_long_acq_blue_0.039_green_0.04734_1_cell_109,866,109.0,44.60650406504065,181.90569105691057,slip4_area1
cancer_20210313_slip4_area1_long_acq_corr_MCF10A_37deg_long_acq_blue_0.039_green_0.04734_1_cell_109,867,109.0,44.60650406504065,181.90569105691057,slip4_area1
cancer_20210313_slip4_area1_long_acq_corr_MCF10A_37deg_long_acq_blue_0.039_green_0.04734_1_cell_109,868,109.0,44.60650406504065,181.90569105691057,slip4_area1
cancer_20210313_slip4_area1_long_acq_corr_MCF10A_37deg_long_acq_blue_0.039_green_0.04734_1_cell_109,869,109.0,44.60650406504065,181.90569105691057,slip4_area1
cancer_20210313_slip4_area1_long_acq_corr_MCF10A_37deg_long_acq_blue_0.039_green_0.04734_1_cell_109,870,109.0,44.60650406504065,181.90569105691057,slip4_area1
cancer_20210313_slip4_area1_long_acq_corr_MCF10A_37deg_long_acq_blue_0.039_green_0.04734_1_cell_109,871,109.0,44.60650406504065,181.90569105691057,slip4_area1
cancer_20210313_slip4_area1_long_acq_corr_MCF10A_37deg_long_acq_blue_0.039_green_0.04734_1_cell_109,872,109.0,44.60650406504065,181.90569105691057,slip4_area1
cancer_20210313_slip4_area1_long_acq_corr_MCF10A_37deg_long_acq_blue_0.039_green_0.04734_1_cell_109,873,109.0,44.60650406504065,181.90569105691057,slip4_area1
cancer_20210313_slip4_area1_long_acq_corr_MCF10A_37deg_long_acq_blue_0.039_green_0.04734_1_cell_109,874,109.0,44.60650406504065,181.90569105691057,slip4_area1
cancer_20210313_slip4_area1_long_acq_corr_MCF10A_37deg_long_acq_blue_0.039_green_0.04734_1_cell_109,875,109.0,44.60650406504065,181.90569105691057,slip4_area1
cancer_20210313_slip4_area1_long_acq_corr_MCF10A_37deg_long_acq_blue_0.039_green_0.04734_1_cell_109,878,109.0,44.60650406504065,181.90569105691057,slip4_area1
cancer_20210313_slip4_area1_long_acq_corr_MCF10A_37deg_long_acq_blue_0.039_green_0.04734_1_cell_109,879,109.0,44.60650406504065,181.90569105691057,slip4_area1
cancer_20210313_slip4_area1_long_acq_corr_MCF10A_37deg_long_acq_blue_0.039_green_0.04734_1_cell_109,882,109.0,44.60650406504065,181.90569105691057,slip4_area1
cancer_20210313_slip4_area1_long_acq_corr_MCF10A_37deg_long_acq_blue_0.039_green_0.04734_1_cell_109,884,109.0,44.60650406504065,181.90569105691057,slip4_area1
cancer_20210313_slip4_area1_long_acq_corr_MCF10A_37deg_long_acq_blue_0.039_green_0.04734_1_cell_109,885,109.0,44.60650406504065,181.90569105691057,slip4_area1
cancer_20210313_slip4_area1_long_acq_corr_MCF10A_37deg_long_acq_blue_0.039_green_0.04734_1_cell_109,891,109.0,44.60650406504065,181.90569105691057,slip4_area1
cancer_20210313_slip4_area1_long_acq_corr_MCF10A_37deg_long_acq_blue_0.039_green_0.04734_1_cell_109,892,109.0,44.60650406504065,181.90569105691057,slip4_area1
cancer_20210313_slip4_area1_long_acq_corr_MCF10A_37deg_long_acq_blue_0.039_green_0.04734_1_cell_109,893,109.0,44.60650406504065,181.90569105691057,slip4_area1
cancer_20210313_slip4_area1_long_acq_corr_MCF10A_37deg_long_acq_blue_0.039_green_0.04734_1_cell_109,897,109.0,44.60650406504065,181.90569105691057,slip4_area1
cancer_20210313_slip4_area1_long_acq_corr_MCF10A_37deg_long_acq_blue_0.039_green_0.04734_1_cell_169,16,169.0,215.0078909612625,298.616212338594,slip4_area1
cancer_20210313_slip4_area1_long_acq_corr_MCF10A_37deg_long_acq_blue_0.039_green_0.04734_1_cell_169,95,169.0,215.0078909612625,298.616212338594,slip4_area1
cancer_20210313_slip4_area2_long_acq_corr_MCF10A_37deg_long_acq_blue_0.039_green_0.04734_1_cell_84,85,84.0,137.9122596153846,156.11658653846155,slip4_area2
cancer_20210313_slip4_area2_long_acq_corr_MCF10A_37deg_long_acq_blue_0.039_green_0.04734_1_cell_84,86,84.0,137.9122596153846,156.11658653846155,slip4_area2
cancer_20210313_slip4_area2_long_acq_corr_MCF10A_37deg_long_acq_blue_0.039_green_0.04734_1_cell_84,497,84.0,137.9122596153846,156.11658653846155,slip4_area2
cancer_20210314_slip7_area2_long_acq_MCF10A_37deg_long_acq_blue_0.06681_green_0.07975_1_cell_12,562,12.0,229.37728937728937,44.57020757020757,slip7_area2
cancer_20210314_slip7_area2_long_acq_MCF10A_37deg_long_acq_blue_0.06681_green_0.07975_1_cell_12,563,12.0,229.37728937728937,44.57020757020757,slip7_area2
cancer_20210314_slip8_area1_long_acq_MCF10A_37deg_long_acq_blue_0.06681_green_0.07975_1_cell_15,806,15.0,272.4415584415584,48.18961038961039,slip8_area1
cancer_20210314_slip8_area1_long_acq_MCF10A_37deg_long_acq_blue_0.06681_green_0.07975_1_cell_15,807,15.0,272.4415584415584,48.18961038961039,slip8_area1
