Unnamed: 0,cell_id,event_time,event_length,event_amplitude,event_integrated,cell_x,cell_y,std,expt,stage,trial_string,Slip_Area,Cell_Number
10903,cancer_20201219_slip1_area1_long_acq_long_acq_blue_0.0318_green_0.0772_heated_to_37_1_cell_12,919.0,18.0,-0.008921491686371,-0.1452636014791083,168.35160289555327,47.8583247156153,0.0039559783869683,TTX_1um,pre,cancer_20201219_slip1_area1_long_acq_long_acq_blue_0.0318_green_0.0772_heated_to_37_1,slip1_area1,12
10904,cancer_20201219_slip1_area1_long_acq_long_acq_blue_0.0318_green_0.0772_heated_to_37_1_cell_26,884.0,12.0,-0.0063591819735294,-0.0720804120386535,118.26308243727598,80.168458781362,0.0038127764955256,TTX_1um,pre,cancer_20201219_slip1_area1_long_acq_long_acq_blue_0.0318_green_0.0772_heated_to_37_1,slip1_area1,26
10905,cancer_20201219_slip1_area1_long_acq_long_acq_blue_0.0318_green_0.0772_heated_to_37_1_cell_26,974.5,17.0,-0.0067886593819335,-0.1034297009859063,118.26308243727598,80.168458781362,0.0038127764955256,TTX_1um,pre,cancer_20201219_slip1_area1_long_acq_long_acq_blue_0.0318_green_0.0772_heated_to_37_1,slip1_area1,26
10906,cancer_20201219_slip1_area1_long_acq_long_acq_blue_0.0318_green_0.0772_heated_to_37_1_cell_26,1525.0,34.0,0.0063650373957941,0.1831640639058278,118.26308243727598,80.168458781362,0.0038127764955256,TTX_1um,pre,cancer_20201219_slip1_area1_long_acq_long_acq_blue_0.0318_green_0.0772_heated_to_37_1,slip1_area1,26
10907,cancer_20201219_slip1_area1_long_acq_long_acq_blue_0.0318_green_0.0772_heated_to_37_1_cell_26,1560.0,10.0,0.0073273434259371,0.066223074369879,118.26308243727598,80.168458781362,0.0038127764955256,TTX_1um,pre,cancer_20201219_slip1_area1_long_acq_long_acq_blue_0.0318_green_0.0772_heated_to_37_1,slip1_area1,26
10908,cancer_20201219_slip1_area1_long_acq_long_acq_blue_0.0318_green_0.0772_heated_to_37_1_cell_26,2516.0,10.0,0.006232642626726,0.0567722013554292,118.26308243727598,80.168458781362,0.0038127764955256,TTX_1um,pre,cancer_20201219_slip1_area1_long_acq_long_acq_blue_0.0318_green_0.0772_heated_to_37_1,slip1_area1,26
10909,cancer_20201219_slip1_area1_long_acq_long_acq_blue_0.0318_green_0.0772_heated_to_37_1_cell_26,2586.0,8.0,0.0072299167169063,0.051852481430263,118.26308243727598,80.168458781362,0.0038127764955256,TTX_1um,pre,cancer_20201219_slip1_area1_long_acq_long_acq_blue_0.0318_green_0.0772_heated_to_37_1,slip1_area1,26
10910,cancer_20201219_slip1_area1_long_acq_long_acq_blue_0.0318_green_0.0772_heated_to_37_1_cell_26,4856.0,12.0,0.0056291530600545,0.0656330088967298,118.26308243727598,80.168458781362,0.0038127764955256,TTX_1um,pre,cancer_20201219_slip1_area1_long_acq_long_acq_blue_0.0318_green_0.0772_heated_to_37_1,slip1_area1,26
10911,cancer_20201219_slip1_area1_long_acq_long_acq_blue_0.0318_green_0.0772_heated_to_37_1_cell_42,567.5,11.0,0.0065661439623188,0.0652790214328442,197.2357373519914,140.00861141011842,0.0044050400421086,TTX_1um,pre,cancer_20201219_slip1_area1_long_acq_long_acq_blue_0.0318_green_0.0772_heated_to_37_1,slip1_area1,42
10912,cancer_20201219_slip1_area1_long_acq_long_acq_blue_0.0318_green_0.0772_heated_to_37_1_cell_42,619.0,30.0,-0.0103091555318011,-0.2498188466875972,197.2357373519914,140.00861141011842,0.0044050400421086,TTX_1um,pre,cancer_20201219_slip1_area1_long_acq_long_acq_blue_0.0318_green_0.0772_heated_to_37_1,slip1_area1,42
10913,cancer_20201219_slip1_area1_long_acq_long_acq_blue_0.0318_green_0.0772_heated_to_37_1_cell_42,711.0,12.0,0.0065049970535737,0.0727313512857461,197.2357373519914,140.00861141011842,0.0044050400421086,TTX_1um,pre,cancer_20201219_slip1_area1_long_acq_long_acq_blue_0.0318_green_0.0772_heated_to_37_1,slip1_area1,42
10914,cancer_20201219_slip1_area1_long_acq_long_acq_blue_0.0318_green_0.0772_heated_to_37_1_cell_42,899.0,10.0,0.0056985283221728,0.0553492112420677,197.2357373519914,140.00861141011842,0.0044050400421086,TTX_1um,pre,cancer_20201219_slip1_area1_long_acq_long_acq_blue_0.0318_green_0.0772_heated_to_37_1,slip1_area1,42
10915,cancer_20201219_slip1_area1_long_acq_long_acq_blue_0.0318_green_0.0772_heated_to_37_1_cell_42,1005.5,41.0,-0.0081895781874149,-0.2443457898416243,197.2357373519914,140.00861141011842,0.0044050400421086,TTX_1um,pre,cancer_20201219_slip1_area1_long_acq_long_acq_blue_0.0318_green_0.0772_heated_to_37_1,slip1_area1,42
10916,cancer_20201219_slip1_area1_long_acq_long_acq_blue_0.0318_green_0.0772_heated_to_37_1_cell_42,1079.5,15.0,-0.0059629054483829,-0.0837560037746559,197.2357373519914,140.00861141011842,0.0044050400421086,TTX_1um,pre,cancer_20201219_slip1_area1_long_acq_long_acq_blue_0.0318_green_0.0772_heated_to_37_1,slip1_area1,42
10917,cancer_20201219_slip1_area1_long_acq_long_acq_blue_0.0318_green_0.0772_heated_to_37_1_cell_42,1141.5,51.0,-0.0119586775473385,-0.4640559443856877,197.2357373519914,140.00861141011842,0.0044050400421086,TTX_1um,pre,cancer_20201219_slip1_area1_long_acq_long_acq_blue_0.0318_green_0.0772_heated_to_37_1,slip1_area1,42
10918,cancer_20201219_slip1_area1_long_acq_long_acq_blue_0.0318_green_0.0772_heated_to_37_1_cell_42,1262.0,136.0,-0.013723125964312,-1.0199346198368042,197.2357373519914,140.00861141011842,0.0044050400421086,TTX_1um,pre,cancer_20201219_slip1_area1_long_acq_long_acq_blue_0.0318_green_0.0772_heated_to_37_1,slip1_area1,42
10919,cancer_20201219_slip1_area1_long_acq_long_acq_blue_0.0318_green_0.0772_heated_to_37_1_cell_42,1419.0,78.0,0.0107898038481315,0.637683666983295,197.2357373519914,140.00861141011842,0.0044050400421086,TTX_1um,pre,cancer_20201219_slip1_area1_long_acq_long_acq_blue_0.0318_green_0.0772_heated_to_37_1,slip1_area1,42
10920,cancer_20201219_slip1_area1_long_acq_long_acq_blue_0.0318_green_0.0772_heated_to_37_1_cell_42,1478.5,21.0,0.0083298318681372,0.1500174288297566,197.2357373519914,140.00861141011842,0.0044050400421086,TTX_1um,pre,cancer_20201219_slip1_area1_long_acq_long_acq_blue_0.0318_green_0.0772_heated_to_37_1,slip1_area1,42
10921,cancer_20201219_slip1_area1_long_acq_long_acq_blue_0.0318_green_0.0772_heated_to_37_1_cell_42,1567.5,29.0,0.0075417564740998,0.1876490264051611,197.2357373519914,140.00861141011842,0.0044050400421086,TTX_1um,pre,cancer_20201219_slip1_area1_long_acq_long_acq_blue_0.0318_green_0.0772_heated_to_37_1,slip1_area1,42
10922,cancer_20201219_slip1_area1_long_acq_long_acq_blue_0.0318_green_0.0772_heated_to_37_1_cell_42,1838.5,35.0,-0.0064947891877308,-0.1960851618442687,197.2357373519914,140.00861141011842,0.0044050400421086,TTX_1um,pre,cancer_20201219_slip1_area1_long_acq_long_acq_blue_0.0318_green_0.0772_heated_to_37_1,slip1_area1,42
10923,cancer_20201219_slip1_area1_long_acq_long_acq_blue_0.0318_green_0.0772_heated_to_37_1_cell_42,1870.0,8.0,-0.0057006356228788,-0.0435677355346949,197.2357373519914,140.00861141011842,0.0044050400421086,TTX_1um,pre,cancer_20201219_slip1_area1_long_acq_long_acq_blue_0.0318_green_0.0772_heated_to_37_1,slip1_area1,42
10924,cancer_20201219_slip1_area1_long_acq_long_acq_blue_0.0318_green_0.0772_heated_to_37_1_cell_42,2073.0,10.0,0.0058373482506062,0.0556553008504707,197.2357373519914,140.00861141011842,0.0044050400421086,TTX_1um,pre,cancer_20201219_slip1_area1_long_acq_long_acq_blue_0.0318_green_0.0772_heated_to_37_1,slip1_area1,42
10925,cancer_20201219_slip1_area1_long_acq_long_acq_blue_0.0318_green_0.0772_heated_to_37_1_cell_42,2157.5,15.0,0.0063263062462408,0.0874627203496685,197.2357373519914,140.00861141011842,0.0044050400421086,TTX_1um,pre,cancer_20201219_slip1_area1_long_acq_long_acq_blue_0.0318_green_0.0772_heated_to_37_1,slip1_area1,42
10926,cancer_20201219_slip1_area1_long_acq_long_acq_blue_0.0318_green_0.0772_heated_to_37_1_cell_42,2211.5,13.0,0.0080216035511155,0.0900061909230685,197.2357373519914,140.00861141011842,0.0044050400421086,TTX_1um,pre,cancer_20201219_slip1_area1_long_acq_long_acq_blue_0.0318_green_0.0772_heated_to_37_1,slip1_area1,42
10927,cancer_20201219_slip1_area1_long_acq_long_acq_blue_0.0318_green_0.0772_heated_to_37_1_cell_42,3211.0,8.0,0.0059454592896657,0.0450574582181018,197.2357373519914,140.00861141011842,0.0044050400421086,TTX_1um,pre,cancer_20201219_slip1_area1_long_acq_long_acq_blue_0.0318_green_0.0772_heated_to_37_1,slip1_area1,42
10928,cancer_20201219_slip1_area1_long_acq_long_acq_blue_0.0318_green_0.0772_heated_to_37_1_cell_47,987.0,22.0,-0.0089925469496495,-0.1678101895343422,351.24237288135595,162.035593220339,0.0044843196948508,TTX_1um,pre,cancer_20201219_slip1_area1_long_acq_long_acq_blue_0.0318_green_0.0772_heated_to_37_1,slip1_area1,47
10929,cancer_20201219_slip1_area1_long_acq_long_acq_blue_0.0318_green_0.0772_heated_to_37_1_cell_47,1041.5,9.0,-0.00778182320602,-0.066965974190588,351.24237288135595,162.035593220339,0.0044843196948508,TTX_1um,pre,cancer_20201219_slip1_area1_long_acq_long_acq_blue_0.0318_green_0.0772_heated_to_37_1,slip1_area1,47
10930,cancer_20201219_slip1_area1_long_acq_long_acq_blue_0.0318_green_0.0772_heated_to_37_1_cell_48,1658.0,10.0,0.0089755152935642,0.0827108795533815,151.2922077922078,161.28138528138527,0.0047971210548113,TTX_1um,pre,cancer_20201219_slip1_area1_long_acq_long_acq_blue_0.0318_green_0.0772_heated_to_37_1,slip1_area1,48
10931,cancer_20201219_slip1_area1_long_acq_long_acq_blue_0.0318_green_0.0772_heated_to_37_1_cell_48,2787.0,8.0,0.0072185434745362,0.0566199569400716,151.2922077922078,161.28138528138527,0.0047971210548113,TTX_1um,pre,cancer_20201219_slip1_area1_long_acq_long_acq_blue_0.0318_green_0.0772_heated_to_37_1,slip1_area1,48
10932,cancer_20201219_slip1_area1_long_acq_long_acq_blue_0.0318_green_0.0772_heated_to_37_1_cell_48,4230.5,11.0,0.0073812032938529,0.0799436748289712,151.2922077922078,161.28138528138527,0.0047971210548113,TTX_1um,pre,cancer_20201219_slip1_area1_long_acq_long_acq_blue_0.0318_green_0.0772_heated_to_37_1,slip1_area1,48
10933,cancer_20201219_slip1_area1_long_acq_long_acq_blue_0.0318_green_0.0772_heated_to_37_1_cell_50,899.0,34.0,-0.0096562257112544,-0.2791206622015165,313.4971264367816,169.78735632183907,0.0052544633204352,TTX_1um,pre,cancer_20201219_slip1_area1_long_acq_long_acq_blue_0.0318_green_0.0772_heated_to_37_1,slip1_area1,50
10934,cancer_20201219_slip1_area1_long_acq_long_acq_blue_0.0318_green_0.0772_heated_to_37_1_cell_50,1057.5,15.0,-0.0089528925426412,-0.1231827989468432,313.4971264367816,169.78735632183907,0.0052544633204352,TTX_1um,pre,cancer_20201219_slip1_area1_long_acq_long_acq_blue_0.0318_green_0.0772_heated_to_37_1,slip1_area1,50
10935,cancer_20201219_slip1_area1_long_acq_long_acq_blue_0.0318_green_0.0772_heated_to_37_1_cell_50,1271.0,10.0,-0.0109130165287402,-0.0976691567148162,313.4971264367816,169.78735632183907,0.0052544633204352,TTX_1um,pre,cancer_20201219_slip1_area1_long_acq_long_acq_blue_0.0318_green_0.0772_heated_to_37_1,slip1_area1,50
10936,cancer_20201219_slip1_area1_long_acq_long_acq_blue_0.0318_green_0.0772_heated_to_37_1_cell_51,678.5,13.0,-0.0076121469550278,-0.094446520885478,166.2429501084599,173.10412147505423,0.0050003742952554,TTX_1um,pre,cancer_20201219_slip1_area1_long_acq_long_acq_blue_0.0318_green_0.0772_heated_to_37_1,slip1_area1,51
10937,cancer_20201219_slip1_area1_long_acq_long_acq_blue_0.0318_green_0.0772_heated_to_37_1_cell_51,809.0,10.0,-0.0082763541772316,-0.0779020555161877,166.2429501084599,173.10412147505423,0.0050003742952554,TTX_1um,pre,cancer_20201219_slip1_area1_long_acq_long_acq_blue_0.0318_green_0.0772_heated_to_37_1,slip1_area1,51
10938,cancer_20201219_slip1_area1_long_acq_long_acq_blue_0.0318_green_0.0772_heated_to_37_1_cell_51,914.0,60.0,-0.0096925383787461,-0.4674087175207374,166.2429501084599,173.10412147505423,0.0050003742952554,TTX_1um,pre,cancer_20201219_slip1_area1_long_acq_long_acq_blue_0.0318_green_0.0772_heated_to_37_1,slip1_area1,51
10939,cancer_20201219_slip1_area1_long_acq_long_acq_blue_0.0318_green_0.0772_heated_to_37_1_cell_51,1218.5,53.0,-0.0088918851713226,-0.3758275571887632,166.2429501084599,173.10412147505423,0.0050003742952554,TTX_1um,pre,cancer_20201219_slip1_area1_long_acq_long_acq_blue_0.0318_green_0.0772_heated_to_37_1,slip1_area1,51
10940,cancer_20201219_slip1_area1_long_acq_long_acq_blue_0.0318_green_0.0772_heated_to_37_1_cell_51,1298.0,12.0,-0.0079179675470951,-0.0922275158851142,166.2429501084599,173.10412147505423,0.0050003742952554,TTX_1um,pre,cancer_20201219_slip1_area1_long_acq_long_acq_blue_0.0318_green_0.0772_heated_to_37_1,slip1_area1,51
10941,cancer_20201219_slip1_area1_long_acq_long_acq_blue_0.0318_green_0.0772_heated_to_37_1_cell_51,1346.0,24.0,0.0107635639994383,0.2130707504874003,166.2429501084599,173.10412147505423,0.0050003742952554,TTX_1um,pre,cancer_20201219_slip1_area1_long_acq_long_acq_blue_0.0318_green_0.0772_heated_to_37_1,slip1_area1,51
10942,cancer_20201219_slip1_area1_long_acq_long_acq_blue_0.0318_green_0.0772_heated_to_37_1_cell_51,2255.0,10.0,0.0073801457166133,0.0721476262718914,166.2429501084599,173.10412147505423,0.0050003742952554,TTX_1um,pre,cancer_20201219_slip1_area1_long_acq_long_acq_blue_0.0318_green_0.0772_heated_to_37_1,slip1_area1,51
10943,cancer_20201219_slip1_area1_long_acq_long_acq_blue_0.0318_green_0.0772_heated_to_37_1_cell_51,4761.5,9.0,0.0083741331260305,0.0703545618968177,166.2429501084599,173.10412147505423,0.0050003742952554,TTX_1um,pre,cancer_20201219_slip1_area1_long_acq_long_acq_blue_0.0318_green_0.0772_heated_to_37_1,slip1_area1,51
10944,cancer_20201219_slip1_area1_long_acq_long_acq_blue_0.0318_green_0.0772_heated_to_37_1_cell_66,884.5,9.0,-0.0092232956253284,-0.0794287953252627,359.5487528344671,221.90249433106567,0.0051555633290806,TTX_1um,pre,cancer_20201219_slip1_area1_long_acq_long_acq_blue_0.0318_green_0.0772_heated_to_37_1,slip1_area1,66
10945,cancer_20201219_slip1_area1_long_acq_long_acq_blue_0.0318_green_0.0772_heated_to_37_1_cell_79,1147.5,9.0,-0.0070428666832174,-0.0601128915236115,149.72,263.185,0.0047046437466667,TTX_1um,pre,cancer_20201219_slip1_area1_long_acq_long_acq_blue_0.0318_green_0.0772_heated_to_37_1,slip1_area1,79
10946,cancer_20201219_slip1_area1_long_acq_long_acq_blue_0.0318_green_0.0772_heated_to_37_1_cell_79,4044.0,78.0,0.0094165883448431,0.5862548933852605,149.72,263.185,0.0047046437466667,TTX_1um,pre,cancer_20201219_slip1_area1_long_acq_long_acq_blue_0.0318_green_0.0772_heated_to_37_1,slip1_area1,79
10947,cancer_20201219_slip1_area1_long_acq_long_acq_blue_0.0318_green_0.0772_heated_to_37_1_cell_79,4099.5,9.0,0.0067165882073234,0.0586794616100738,149.72,263.185,0.0047046437466667,TTX_1um,pre,cancer_20201219_slip1_area1_long_acq_long_acq_blue_0.0318_green_0.0772_heated_to_37_1,slip1_area1,79
10948,cancer_20201219_slip1_area1_long_acq_long_acq_blue_0.0318_green_0.0772_heated_to_37_1_cell_79,4155.5,13.0,0.0069887926668779,0.0873738475067873,149.72,263.185,0.0047046437466667,TTX_1um,pre,cancer_20201219_slip1_area1_long_acq_long_acq_blue_0.0318_green_0.0772_heated_to_37_1,slip1_area1,79
10949,cancer_20201219_slip1_area1_long_acq_long_acq_blue_0.0318_green_0.0772_heated_to_37_1_cell_79,4356.0,10.0,0.0083474131579204,0.0757520471613375,149.72,263.185,0.0047046437466667,TTX_1um,pre,cancer_20201219_slip1_area1_long_acq_long_acq_blue_0.0318_green_0.0772_heated_to_37_1,slip1_area1,79
10950,cancer_20201219_slip1_area1_long_acq_long_acq_blue_0.0318_green_0.0772_heated_to_37_1_cell_79,4378.5,13.0,0.0077747074441927,0.0939425822752093,149.72,263.185,0.0047046437466667,TTX_1um,pre,cancer_20201219_slip1_area1_long_acq_long_acq_blue_0.0318_green_0.0772_heated_to_37_1,slip1_area1,79
10951,cancer_20201219_slip1_area1_long_acq_long_acq_blue_0.0318_green_0.0772_heated_to_37_1_cell_79,4623.0,12.0,-0.0070182653353351,-0.0785670007483895,149.72,263.185,0.0047046437466667,TTX_1um,pre,cancer_20201219_slip1_area1_long_acq_long_acq_blue_0.0318_green_0.0772_heated_to_37_1,slip1_area1,79
10952,cancer_20201219_slip1_area1_long_acq_long_acq_blue_0.0318_green_0.0772_heated_to_37_1_cell_79,4693.0,106.0,-0.0088606813644409,-0.7674889722868684,149.72,263.185,0.0047046437466667,TTX_1um,pre,cancer_20201219_slip1_area1_long_acq_long_acq_blue_0.0318_green_0.0772_heated_to_37_1,slip1_area1,79
10953,cancer_20201219_slip1_area1_long_acq_long_acq_blue_0.0318_green_0.0772_heated_to_37_1_cell_84,942.0,8.0,-0.0051555196184007,-0.0392232877230338,357.8086070215176,283.56285390713475,0.0032388560204991,TTX_1um,pre,cancer_20201219_slip1_area1_long_acq_long_acq_blue_0.0318_green_0.0772_heated_to_37_1,slip1_area1,84
10954,cancer_20201219_slip1_area1_long_acq_long_acq_blue_0.0318_green_0.0772_heated_to_37_1_cell_84,963.0,10.0,-0.0054850672255764,-0.0499471771283489,357.8086070215176,283.56285390713475,0.0032388560204991,TTX_1um,pre,cancer_20201219_slip1_area1_long_acq_long_acq_blue_0.0318_green_0.0772_heated_to_37_1,slip1_area1,84
10955,cancer_20201219_slip1_area1_long_acq_long_acq_blue_0.0318_green_0.0772_heated_to_37_1_cell_84,1079.0,112.0,-0.0083804967755546,-0.7008814848782994,357.8086070215176,283.56285390713475,0.0032388560204991,TTX_1um,pre,cancer_20201219_slip1_area1_long_acq_long_acq_blue_0.0318_green_0.0772_heated_to_37_1,slip1_area1,84
10956,cancer_20201219_slip1_area1_long_acq_long_acq_blue_0.0318_green_0.0772_heated_to_37_1_cell_84,1352.0,16.0,0.0046537808576911,0.0727791658835133,357.8086070215176,283.56285390713475,0.0032388560204991,TTX_1um,pre,cancer_20201219_slip1_area1_long_acq_long_acq_blue_0.0318_green_0.0772_heated_to_37_1,slip1_area1,84
10957,cancer_20201219_slip1_area1_long_acq_long_acq_blue_0.0318_green_0.0772_heated_to_37_1_cell_84,1395.0,44.0,0.00652480808499,0.229856639622394,357.8086070215176,283.56285390713475,0.0032388560204991,TTX_1um,pre,cancer_20201219_slip1_area1_long_acq_long_acq_blue_0.0318_green_0.0772_heated_to_37_1,slip1_area1,84
10958,cancer_20201219_slip1_area1_long_acq_long_acq_blue_0.0318_green_0.0772_heated_to_37_1_cell_93,1079.5,11.0,-0.0062274823073271,-0.0662523021456078,282.7785547785548,316.2121212121212,0.0045684141239133,TTX_1um,pre,cancer_20201219_slip1_area1_long_acq_long_acq_blue_0.0318_green_0.0772_heated_to_37_1,slip1_area1,93
10959,cancer_20201219_slip1_area1_long_acq_long_acq_blue_0.0318_green_0.0772_heated_to_37_1_cell_93,1207.0,30.0,-0.008714329490843,-0.2198240493208588,282.7785547785548,316.2121212121212,0.0045684141239133,TTX_1um,pre,cancer_20201219_slip1_area1_long_acq_long_acq_blue_0.0318_green_0.0772_heated_to_37_1,slip1_area1,93
10960,cancer_20201219_slip1_area1_long_acq_long_acq_blue_0.0318_green_0.0772_heated_to_37_1_cell_93,1243.0,18.0,-0.0104070703727165,-0.1492527269798905,282.7785547785548,316.2121212121212,0.0045684141239133,TTX_1um,pre,cancer_20201219_slip1_area1_long_acq_long_acq_blue_0.0318_green_0.0772_heated_to_37_1,slip1_area1,93
10961,cancer_20201219_slip1_area1_long_acq_long_acq_blue_0.0318_green_0.0772_heated_to_37_1_cell_93,1455.0,238.0,0.011295089995329,2.0104373660376504,282.7785547785548,316.2121212121212,0.0045684141239133,TTX_1um,pre,cancer_20201219_slip1_area1_long_acq_long_acq_blue_0.0318_green_0.0772_heated_to_37_1,slip1_area1,93
10962,cancer_20201219_slip1_area1_long_acq_long_acq_blue_0.0318_green_0.0772_heated_to_37_1_cell_95,1055.0,8.0,-0.0081318500099922,-0.0633613911885354,306.3240740740741,320.1574074074074,0.0046311414891723,TTX_1um,pre,cancer_20201219_slip1_area1_long_acq_long_acq_blue_0.0318_green_0.0772_heated_to_37_1,slip1_area1,95
10963,cancer_20201219_slip1_area1_long_acq_long_acq_blue_0.0318_green_0.0772_heated_to_37_1_cell_112,1611.0,14.0,-0.007677599825913,-0.1030718129408724,306.6837416481069,373.1202672605791,0.0043981072099777,TTX_1um,pre,cancer_20201219_slip1_area1_long_acq_long_acq_blue_0.0318_green_0.0772_heated_to_37_1,slip1_area1,112
10964,cancer_20201219_slip1_area1_long_acq_long_acq_blue_0.0318_green_0.0772_heated_to_37_1_cell_112,4163.0,8.0,0.0087947697723604,0.064398410789459,306.6837416481069,373.1202672605791,0.0043981072099777,TTX_1um,pre,cancer_20201219_slip1_area1_long_acq_long_acq_blue_0.0318_green_0.0772_heated_to_37_1,slip1_area1,112
10965,cancer_20201219_slip1_area1_long_acq_long_acq_blue_0.0318_green_0.0772_heated_to_37_1_cell_122,3598.0,8.0,0.0078543783440365,0.0601796587506684,256.763907734057,420.0203527815468,0.0041876823649625,TTX_1um,pre,cancer_20201219_slip1_area1_long_acq_long_acq_blue_0.0318_green_0.0772_heated_to_37_1,slip1_area1,122
10966,cancer_20201219_slip1_area2_long_acq_long_acq_blue_0.0318_green_0.0772_heated_to_37_1_cell_12,4369.0,16.0,0.0061052363144569,0.0890112542576053,223.30769230769232,47.74391431353457,0.0034938476671734,TTX_1um,pre,cancer_20201219_slip1_area2_long_acq_long_acq_blue_0.0318_green_0.0772_heated_to_37_1,slip1_area2,12
10967,cancer_20201219_slip1_area2_long_acq_long_acq_blue_0.0318_green_0.0772_heated_to_37_1_cell_41,684.5,11.0,0.0034906685515654,0.0362339548672812,292.98062261753495,125.67630241423126,0.0022926865988788,TTX_1um,pre,cancer_20201219_slip1_area2_long_acq_long_acq_blue_0.0318_green_0.0772_heated_to_37_1,slip1_area2,41
10968,cancer_20201219_slip1_area2_long_acq_long_acq_blue_0.0318_green_0.0772_heated_to_37_1_cell_41,3683.5,11.0,0.0036049986609691,0.0370645355883865,292.98062261753495,125.67630241423126,0.0022926865988788,TTX_1um,pre,cancer_20201219_slip1_area2_long_acq_long_acq_blue_0.0318_green_0.0772_heated_to_37_1,slip1_area2,41
10969,cancer_20201219_slip1_area2_long_acq_long_acq_blue_0.0318_green_0.0772_heated_to_37_1_cell_56,1389.5,13.0,0.0073045007837415,0.0896494930108853,330.109756097561,190.90091463414635,0.0044345421901104,TTX_1um,pre,cancer_20201219_slip1_area2_long_acq_long_acq_blue_0.0318_green_0.0772_heated_to_37_1,slip1_area2,56
10970,cancer_20201219_slip1_area2_long_acq_long_acq_blue_0.0318_green_0.0772_heated_to_37_1_cell_56,1425.0,22.0,0.0098589032931819,0.1772485350535599,330.109756097561,190.90091463414635,0.0044345421901104,TTX_1um,pre,cancer_20201219_slip1_area2_long_acq_long_acq_blue_0.0318_green_0.0772_heated_to_37_1,slip1_area2,56
10971,cancer_20201219_slip1_area2_long_acq_long_acq_blue_0.0318_green_0.0772_heated_to_37_1_cell_56,1464.5,19.0,0.0080656464516006,0.1394651978449221,330.109756097561,190.90091463414635,0.0044345421901104,TTX_1um,pre,cancer_20201219_slip1_area2_long_acq_long_acq_blue_0.0318_green_0.0772_heated_to_37_1,slip1_area2,56
10972,cancer_20201219_slip1_area2_long_acq_long_acq_blue_0.0318_green_0.0772_heated_to_37_1_cell_56,1639.0,8.0,-0.0073722814140291,-0.0559049146743497,330.109756097561,190.90091463414635,0.0044345421901104,TTX_1um,pre,cancer_20201219_slip1_area2_long_acq_long_acq_blue_0.0318_green_0.0772_heated_to_37_1,slip1_area2,56
10973,cancer_20201219_slip1_area2_long_acq_long_acq_blue_0.0318_green_0.0772_heated_to_37_1_cell_65,713.5,17.0,0.0077463332920459,0.1184370214393233,385.89536878216126,231.30360205831903,0.0041604759842806,TTX_1um,pre,cancer_20201219_slip1_area2_long_acq_long_acq_blue_0.0318_green_0.0772_heated_to_37_1,slip1_area2,65
10974,cancer_20201219_slip1_area2_long_acq_long_acq_blue_0.0318_green_0.0772_heated_to_37_1_cell_65,1037.0,10.0,0.0074997094344608,0.0694630601868588,385.89536878216126,231.30360205831903,0.0041604759842806,TTX_1um,pre,cancer_20201219_slip1_area2_long_acq_long_acq_blue_0.0318_green_0.0772_heated_to_37_1,slip1_area2,65
10975,cancer_20201219_slip1_area2_long_acq_long_acq_blue_0.0318_green_0.0772_heated_to_37_1_cell_74,1045.0,8.0,-0.0060083690972985,-0.0452600777789844,383.550576184379,258.9564660691421,0.0034011980226869,TTX_1um,pre,cancer_20201219_slip1_area2_long_acq_long_acq_blue_0.0318_green_0.0772_heated_to_37_1,slip1_area2,74
10976,cancer_20201219_slip1_area2_long_acq_long_acq_blue_0.0318_green_0.0772_heated_to_37_1_cell_84,2165.0,10.0,-0.0076183271808463,-0.0723014114164815,346.8686274509804,291.90784313725493,0.0046704950834682,TTX_1um,pre,cancer_20201219_slip1_area2_long_acq_long_acq_blue_0.0318_green_0.0772_heated_to_37_1,slip1_area2,84
10977,cancer_20201219_slip1_area2_long_acq_long_acq_blue_0.0318_green_0.0772_heated_to_37_1_cell_84,4789.0,10.0,-0.0078152856040181,-0.0744629823577892,346.8686274509804,291.90784313725493,0.0046704950834682,TTX_1um,pre,cancer_20201219_slip1_area2_long_acq_long_acq_blue_0.0318_green_0.0772_heated_to_37_1,slip1_area2,84
10978,cancer_20201219_slip1_area2_long_acq_long_acq_blue_0.0318_green_0.0772_heated_to_37_1_cell_85,2160.5,9.0,-0.0067964751655329,-0.0561009765468852,409.0414507772021,302.48316062176167,0.0036616538233815,TTX_1um,pre,cancer_20201219_slip1_area2_long_acq_long_acq_blue_0.0318_green_0.0772_heated_to_37_1,slip1_area2,85
10979,cancer_20201219_slip1_area2_long_acq_long_acq_blue_0.0318_green_0.0772_heated_to_37_1_cell_93,3091.5,9.0,0.0078658554181252,0.066679227628845,285.1136738056013,333.82537067545303,0.004168972149459,TTX_1um,pre,cancer_20201219_slip1_area2_long_acq_long_acq_blue_0.0318_green_0.0772_heated_to_37_1,slip1_area2,93
10980,cancer_20201219_slip1_area3_long_acq_long_acq_blue_0.0318_green_0.0772_heated_to_37_with_1uM_TTX_1_cell_16,1454.5,13.0,-0.0040895781251197,-0.0488143613691112,161.08239316239317,82.82119658119659,0.0024416211010876,TTX_1um,post,cancer_20201219_slip1_area3_long_acq_long_acq_blue_0.0318_green_0.0772_heated_to_37_with_1uM_TTX_1,slip1_area3,16
10981,cancer_20201219_slip1_area3_long_acq_long_acq_blue_0.0318_green_0.0772_heated_to_37_with_1uM_TTX_1_cell_16,2233.0,12.0,0.0042236415266672,0.0474311634912507,161.08239316239317,82.82119658119659,0.0024416211010876,TTX_1um,post,cancer_20201219_slip1_area3_long_acq_long_acq_blue_0.0318_green_0.0772_heated_to_37_with_1uM_TTX_1,slip1_area3,16
10982,cancer_20201219_slip1_area3_long_acq_long_acq_blue_0.0318_green_0.0772_heated_to_37_with_1uM_TTX_1_cell_16,2702.5,35.0,0.0040276036324502,0.1282989446991467,161.08239316239317,82.82119658119659,0.0024416211010876,TTX_1um,post,cancer_20201219_slip1_area3_long_acq_long_acq_blue_0.0318_green_0.0772_heated_to_37_with_1uM_TTX_1,slip1_area3,16
10983,cancer_20201219_slip1_area3_long_acq_long_acq_blue_0.0318_green_0.0772_heated_to_37_with_1uM_TTX_1_cell_16,2773.5,17.0,0.0037006444420808,0.0610316046676893,161.08239316239317,82.82119658119659,0.0024416211010876,TTX_1um,post,cancer_20201219_slip1_area3_long_acq_long_acq_blue_0.0318_green_0.0772_heated_to_37_with_1uM_TTX_1,slip1_area3,16
10984,cancer_20201219_slip1_area3_long_acq_long_acq_blue_0.0318_green_0.0772_heated_to_37_with_1uM_TTX_1_cell_16,2875.5,13.0,-0.0037909820156414,-0.0443082091119386,161.08239316239317,82.82119658119659,0.0024416211010876,TTX_1um,post,cancer_20201219_slip1_area3_long_acq_long_acq_blue_0.0318_green_0.0772_heated_to_37_with_1uM_TTX_1,slip1_area3,16
10985,cancer_20201219_slip1_area3_long_acq_long_acq_blue_0.0318_green_0.0772_heated_to_37_with_1uM_TTX_1_cell_16,4393.0,24.0,0.0042921562700322,0.0899617872307572,161.08239316239317,82.82119658119659,0.0024416211010876,TTX_1um,post,cancer_20201219_slip1_area3_long_acq_long_acq_blue_0.0318_green_0.0772_heated_to_37_with_1uM_TTX_1,slip1_area3,16
10986,cancer_20201219_slip1_area3_long_acq_long_acq_blue_0.0318_green_0.0772_heated_to_37_with_1uM_TTX_1_cell_18,1445.5,17.0,-0.008268486807213,-0.1307223966506434,91.1030534351145,84.49809160305344,0.0044731252153047,TTX_1um,post,cancer_20201219_slip1_area3_long_acq_long_acq_blue_0.0318_green_0.0772_heated_to_37_with_1uM_TTX_1,slip1_area3,18
10987,cancer_20201219_slip1_area3_long_acq_long_acq_blue_0.0318_green_0.0772_heated_to_37_with_1uM_TTX_1_cell_18,4062.0,10.0,-0.0077057272217728,-0.0721037424492367,91.1030534351145,84.49809160305344,0.0044731252153047,TTX_1um,post,cancer_20201219_slip1_area3_long_acq_long_acq_blue_0.0318_green_0.0772_heated_to_37_with_1uM_TTX_1,slip1_area3,18
10988,cancer_20201219_slip1_area3_long_acq_long_acq_blue_0.0318_green_0.0772_heated_to_37_with_1uM_TTX_1_cell_20,1412.5,9.0,-0.00587862949459,-0.0489286220317001,294.87906137184115,87.4187725631769,0.0036287689934098,TTX_1um,post,cancer_20201219_slip1_area3_long_acq_long_acq_blue_0.0318_green_0.0772_heated_to_37_with_1uM_TTX_1,slip1_area3,20
10989,cancer_20201219_slip1_area3_long_acq_long_acq_blue_0.0318_green_0.0772_heated_to_37_with_1uM_TTX_1_cell_20,1832.0,10.0,0.006398107296158,0.0597231315437645,294.87906137184115,87.4187725631769,0.0036287689934098,TTX_1um,post,cancer_20201219_slip1_area3_long_acq_long_acq_blue_0.0318_green_0.0772_heated_to_37_with_1uM_TTX_1,slip1_area3,20
10990,cancer_20201219_slip1_area3_long_acq_long_acq_blue_0.0318_green_0.0772_heated_to_37_with_1uM_TTX_1_cell_20,2464.0,12.0,-0.0067025127186459,-0.0740194394037672,294.87906137184115,87.4187725631769,0.0036287689934098,TTX_1um,post,cancer_20201219_slip1_area3_long_acq_long_acq_blue_0.0318_green_0.0772_heated_to_37_with_1uM_TTX_1,slip1_area3,20
10991,cancer_20201219_slip1_area3_long_acq_long_acq_blue_0.0318_green_0.0772_heated_to_37_with_1uM_TTX_1_cell_20,4179.0,18.0,0.0076724226033428,0.119974957169235,294.87906137184115,87.4187725631769,0.0036287689934098,TTX_1um,post,cancer_20201219_slip1_area3_long_acq_long_acq_blue_0.0318_green_0.0772_heated_to_37_with_1uM_TTX_1,slip1_area3,20
10992,cancer_20201219_slip1_area3_long_acq_long_acq_blue_0.0318_green_0.0772_heated_to_37_with_1uM_TTX_1_cell_39,1457.0,10.0,-0.0079756781381483,-0.0756310812643764,212.08067940552016,139.23991507430998,0.0044483363548977,TTX_1um,post,cancer_20201219_slip1_area3_long_acq_long_acq_blue_0.0318_green_0.0772_heated_to_37_with_1uM_TTX_1,slip1_area3,39
10993,cancer_20201219_slip1_area3_long_acq_long_acq_blue_0.0318_green_0.0772_heated_to_37_with_1uM_TTX_1_cell_46,427.0,8.0,0.0051132153815949,0.0390444786761228,232.0594315245478,153.78165374677002,0.0031191997223025,TTX_1um,post,cancer_20201219_slip1_area3_long_acq_long_acq_blue_0.0318_green_0.0772_heated_to_37_with_1uM_TTX_1,slip1_area3,46
10994,cancer_20201219_slip1_area3_long_acq_long_acq_blue_0.0318_green_0.0772_heated_to_37_with_1uM_TTX_1_cell_47,1747.0,12.0,0.0076362380159695,0.0873991276788215,331.90588235294115,155.24,0.0045468760071881,TTX_1um,post,cancer_20201219_slip1_area3_long_acq_long_acq_blue_0.0318_green_0.0772_heated_to_37_with_1uM_TTX_1,slip1_area3,47
10995,cancer_20201219_slip1_area3_long_acq_long_acq_blue_0.0318_green_0.0772_heated_to_37_with_1uM_TTX_1_cell_58,2512.0,30.0,0.00767272598252,0.1944606940926636,87.32061978545887,178.20143027413587,0.0031908165217795,TTX_1um,post,cancer_20201219_slip1_area3_long_acq_long_acq_blue_0.0318_green_0.0772_heated_to_37_with_1uM_TTX_1,slip1_area3,58
10996,cancer_20201219_slip1_area3_long_acq_long_acq_blue_0.0318_green_0.0772_heated_to_37_with_1uM_TTX_1_cell_67,1504.5,39.0,-0.0075549692680795,-0.2414413415116927,383.0616438356165,206.55342465753424,0.003387084762644,TTX_1um,post,cancer_20201219_slip1_area3_long_acq_long_acq_blue_0.0318_green_0.0772_heated_to_37_with_1uM_TTX_1,slip1_area3,67
10997,cancer_20201219_slip1_area3_long_acq_long_acq_blue_0.0318_green_0.0772_heated_to_37_with_1uM_TTX_1_cell_67,1540.5,13.0,-0.0073161081776405,-0.083294254890615,383.0616438356165,206.55342465753424,0.003387084762644,TTX_1um,post,cancer_20201219_slip1_area3_long_acq_long_acq_blue_0.0318_green_0.0772_heated_to_37_with_1uM_TTX_1,slip1_area3,67
10998,cancer_20201219_slip1_area3_long_acq_long_acq_blue_0.0318_green_0.0772_heated_to_37_with_1uM_TTX_1_cell_67,2041.0,8.0,0.0051946748893736,0.0404510033295668,383.0616438356165,206.55342465753424,0.003387084762644,TTX_1um,post,cancer_20201219_slip1_area3_long_acq_long_acq_blue_0.0318_green_0.0772_heated_to_37_with_1uM_TTX_1,slip1_area3,67
10999,cancer_20201219_slip1_area3_long_acq_long_acq_blue_0.0318_green_0.0772_heated_to_37_with_1uM_TTX_1_cell_67,3404.5,11.0,0.0053587822731091,0.0572581311687208,383.0616438356165,206.55342465753424,0.003387084762644,TTX_1um,post,cancer_20201219_slip1_area3_long_acq_long_acq_blue_0.0318_green_0.0772_heated_to_37_with_1uM_TTX_1,slip1_area3,67
11000,cancer_20201219_slip1_area3_long_acq_long_acq_blue_0.0318_green_0.0772_heated_to_37_with_1uM_TTX_1_cell_76,1474.0,10.0,-0.0074603973740431,-0.068033437584876,296.50548112058465,225.51278928136412,0.0034158977710717,TTX_1um,post,cancer_20201219_slip1_area3_long_acq_long_acq_blue_0.0318_green_0.0772_heated_to_37_with_1uM_TTX_1,slip1_area3,76
11001,cancer_20201219_slip1_area3_long_acq_long_acq_blue_0.0318_green_0.0772_heated_to_37_with_1uM_TTX_1_cell_77,1084.5,9.0,-0.008181348572255,-0.0680689859314875,83.47462686567164,235.52238805970148,0.0041404481364,TTX_1um,post,cancer_20201219_slip1_area3_long_acq_long_acq_blue_0.0318_green_0.0772_heated_to_37_with_1uM_TTX_1,slip1_area3,77
11002,cancer_20201219_slip1_area3_long_acq_long_acq_blue_0.0318_green_0.0772_heated_to_37_with_1uM_TTX_1_cell_83,1411.0,18.0,-0.0044841854379427,-0.0754940221964094,150.42301710730948,253.30067392431312,0.0025573678691096,TTX_1um,post,cancer_20201219_slip1_area3_long_acq_long_acq_blue_0.0318_green_0.0772_heated_to_37_with_1uM_TTX_1,slip1_area3,83
11003,cancer_20201219_slip1_area3_long_acq_long_acq_blue_0.0318_green_0.0772_heated_to_37_with_1uM_TTX_1_cell_83,1462.0,18.0,-0.0050822814220705,-0.0783791004710068,150.42301710730948,253.30067392431312,0.0025573678691096,TTX_1um,post,cancer_20201219_slip1_area3_long_acq_long_acq_blue_0.0318_green_0.0772_heated_to_37_with_1uM_TTX_1,slip1_area3,83
11004,cancer_20201219_slip1_area3_long_acq_long_acq_blue_0.0318_green_0.0772_heated_to_37_with_1uM_TTX_1_cell_83,1505.5,9.0,-0.0041064751150791,-0.0347017215958199,150.42301710730948,253.30067392431312,0.0025573678691096,TTX_1um,post,cancer_20201219_slip1_area3_long_acq_long_acq_blue_0.0318_green_0.0772_heated_to_37_with_1uM_TTX_1,slip1_area3,83
11005,cancer_20201219_slip1_area3_long_acq_long_acq_blue_0.0318_green_0.0772_heated_to_37_with_1uM_TTX_1_cell_83,3488.0,14.0,0.0038944652268781,0.051359498433078,150.42301710730948,253.30067392431312,0.0025573678691096,TTX_1um,post,cancer_20201219_slip1_area3_long_acq_long_acq_blue_0.0318_green_0.0772_heated_to_37_with_1uM_TTX_1,slip1_area3,83
11006,cancer_20201219_slip1_area3_long_acq_long_acq_blue_0.0318_green_0.0772_heated_to_37_with_1uM_TTX_1_cell_90,1880.5,11.0,-0.0068553433244299,-0.0731286294767243,394.1634241245136,264.8599221789883,0.0040606402077586,TTX_1um,post,cancer_20201219_slip1_area3_long_acq_long_acq_blue_0.0318_green_0.0772_heated_to_37_with_1uM_TTX_1,slip1_area3,90
11007,cancer_20201219_slip1_area3_long_acq_long_acq_blue_0.0318_green_0.0772_heated_to_37_with_1uM_TTX_1_cell_96,793.5,9.0,0.0062389316208382,0.0526293022342883,302.40536013400333,279.0636515912898,0.0036292742651859,TTX_1um,post,cancer_20201219_slip1_area3_long_acq_long_acq_blue_0.0318_green_0.0772_heated_to_37_with_1uM_TTX_1,slip1_area3,96
11008,cancer_20201219_slip1_area3_long_acq_long_acq_blue_0.0318_green_0.0772_heated_to_37_with_1uM_TTX_1_cell_98,1427.5,37.0,-0.0072978722728916,-0.2471223223654648,188.94219653179192,283.20520231213874,0.0038905577371966,TTX_1um,post,cancer_20201219_slip1_area3_long_acq_long_acq_blue_0.0318_green_0.0772_heated_to_37_with_1uM_TTX_1,slip1_area3,98
11009,cancer_20201219_slip1_area3_long_acq_long_acq_blue_0.0318_green_0.0772_heated_to_37_with_1uM_TTX_1_cell_103,2126.0,72.0,-0.0094766022915238,-0.5755378497197143,133.81774580335733,299.4988009592326,0.0045587859556174,TTX_1um,post,cancer_20201219_slip1_area3_long_acq_long_acq_blue_0.0318_green_0.0772_heated_to_37_with_1uM_TTX_1,slip1_area3,103
11010,cancer_20201219_slip1_area3_long_acq_long_acq_blue_0.0318_green_0.0772_heated_to_37_with_1uM_TTX_1_cell_127,622.0,12.0,-0.0085298646622781,-0.0941148943880854,50.354026845637584,359.9429530201342,0.0042612039730887,TTX_1um,post,cancer_20201219_slip1_area3_long_acq_long_acq_blue_0.0318_green_0.0772_heated_to_37_with_1uM_TTX_1,slip1_area3,127
11011,cancer_20201219_slip1_area3_long_acq_long_acq_blue_0.0318_green_0.0772_heated_to_37_with_1uM_TTX_1_cell_127,1789.5,9.0,-0.0075269941821296,-0.0630580587638717,50.354026845637584,359.9429530201342,0.0042612039730887,TTX_1um,post,cancer_20201219_slip1_area3_long_acq_long_acq_blue_0.0318_green_0.0772_heated_to_37_with_1uM_TTX_1,slip1_area3,127
11012,cancer_20201219_slip1_area3_long_acq_long_acq_blue_0.0318_green_0.0772_heated_to_37_with_1uM_TTX_1_cell_127,2534.5,35.0,-0.0088027589942465,-0.2646708979325534,50.354026845637584,359.9429530201342,0.0042612039730887,TTX_1um,post,cancer_20201219_slip1_area3_long_acq_long_acq_blue_0.0318_green_0.0772_heated_to_37_with_1uM_TTX_1,slip1_area3,127
11013,cancer_20201219_slip1_area4_long_acq_long_acq_blue_0.0318_green_0.0772_heated_to_37_with_1uM_TTX_1_cell_69,980.0,10.0,-0.0078105226340177,-0.0700077603362705,200.3648854961832,215.49770992366413,0.003542469780947,TTX_1um,post,cancer_20201219_slip1_area4_long_acq_long_acq_blue_0.0318_green_0.0772_heated_to_37_with_1uM_TTX_1,slip1_area4,69
11014,cancer_20201219_slip1_area4_long_acq_long_acq_blue_0.0318_green_0.0772_heated_to_37_with_1uM_TTX_1_cell_96,695.5,9.0,0.0069396740520577,0.0594942050617861,184.89576547231272,298.171009771987,0.0039104675395553,TTX_1um,post,cancer_20201219_slip1_area4_long_acq_long_acq_blue_0.0318_green_0.0772_heated_to_37_with_1uM_TTX_1,slip1_area4,96
11015,cancer_20201219_slip2_area1_long_acq_corr_long_acq_blue_0.0318_green_0.0772_heated_to_37_1_cell_15,1920.0,8.0,0.0087571450204624,0.0679436229738597,136.17741935483872,39.9758064516129,0.0050212142497075,TTX_1um,pre,cancer_20201219_slip2_area1_long_acq_corr_long_acq_blue_0.0318_green_0.0772_heated_to_37_1,slip2_area1,15
11016,cancer_20201219_slip2_area1_long_acq_corr_long_acq_blue_0.0318_green_0.0772_heated_to_37_1_cell_15,1949.0,12.0,0.0098795652691829,0.1048139510036716,136.17741935483872,39.9758064516129,0.0050212142497075,TTX_1um,pre,cancer_20201219_slip2_area1_long_acq_corr_long_acq_blue_0.0318_green_0.0772_heated_to_37_1,slip2_area1,15
11017,cancer_20201219_slip2_area1_long_acq_corr_long_acq_blue_0.0318_green_0.0772_heated_to_37_1_cell_20,1527.0,10.0,0.0064334215686399,0.0604259335414152,262.45571658615137,54.47826086956522,0.0035637100352533,TTX_1um,pre,cancer_20201219_slip2_area1_long_acq_corr_long_acq_blue_0.0318_green_0.0772_heated_to_37_1,slip2_area1,20
11018,cancer_20201219_slip2_area1_long_acq_corr_long_acq_blue_0.0318_green_0.0772_heated_to_37_1_cell_20,2358.5,13.0,0.0069014984960109,0.0841370798267941,262.45571658615137,54.47826086956522,0.0035637100352533,TTX_1um,pre,cancer_20201219_slip2_area1_long_acq_corr_long_acq_blue_0.0318_green_0.0772_heated_to_37_1,slip2_area1,20
11019,cancer_20201219_slip2_area1_long_acq_corr_long_acq_blue_0.0318_green_0.0772_heated_to_37_1_cell_37,4261.0,10.0,0.01197120180496,0.1050898978374965,137.0439882697947,101.95601173020528,0.0053353026862864,TTX_1um,pre,cancer_20201219_slip2_area1_long_acq_corr_long_acq_blue_0.0318_green_0.0772_heated_to_37_1,slip2_area1,37
11020,cancer_20201219_slip2_area1_long_acq_corr_long_acq_blue_0.0318_green_0.0772_heated_to_37_1_cell_50,3636.5,15.0,0.0093466193250126,0.1280181410601033,137.25055432372503,134.8957871396896,0.004459777085965,TTX_1um,pre,cancer_20201219_slip2_area1_long_acq_corr_long_acq_blue_0.0318_green_0.0772_heated_to_37_1,slip2_area1,50
11021,cancer_20201219_slip2_area1_long_acq_corr_long_acq_blue_0.0318_green_0.0772_heated_to_37_1_cell_83,905.0,10.0,-0.0056662590229417,-0.0543096317295254,109.84158415841584,208.8943894389439,0.0034321669636081,TTX_1um,pre,cancer_20201219_slip2_area1_long_acq_corr_long_acq_blue_0.0318_green_0.0772_heated_to_37_1,slip2_area1,83
11022,cancer_20201219_slip2_area1_long_acq_corr_long_acq_blue_0.0318_green_0.0772_heated_to_37_1_cell_83,951.5,11.0,-0.0061659079130614,-0.0638849185503712,109.84158415841584,208.8943894389439,0.0034321669636081,TTX_1um,pre,cancer_20201219_slip2_area1_long_acq_corr_long_acq_blue_0.0318_green_0.0772_heated_to_37_1,slip2_area1,83
11023,cancer_20201219_slip2_area1_long_acq_corr_long_acq_blue_0.0318_green_0.0772_heated_to_37_1_cell_86,4333.5,13.0,0.006881590110211,0.0824860692811064,66.27766990291262,211.1747572815534,0.0041419427882685,TTX_1um,pre,cancer_20201219_slip2_area1_long_acq_corr_long_acq_blue_0.0318_green_0.0772_heated_to_37_1,slip2_area1,86
11024,cancer_20201219_slip2_area1_long_acq_corr_long_acq_blue_0.0318_green_0.0772_heated_to_37_1_cell_86,4906.0,12.0,0.0080649425010888,0.0887585077724477,66.27766990291262,211.1747572815534,0.0041419427882685,TTX_1um,pre,cancer_20201219_slip2_area1_long_acq_corr_long_acq_blue_0.0318_green_0.0772_heated_to_37_1,slip2_area1,86
11025,cancer_20201219_slip2_area1_long_acq_corr_long_acq_blue_0.0318_green_0.0772_heated_to_37_1_cell_98,1546.0,10.0,-0.0045874630632778,-0.0438085317878271,109.55711422845692,260.40180360721445,0.0027973864541468,TTX_1um,pre,cancer_20201219_slip2_area1_long_acq_corr_long_acq_blue_0.0318_green_0.0772_heated_to_37_1,slip2_area1,98
11026,cancer_20201219_slip2_area1_long_acq_corr_long_acq_blue_0.0318_green_0.0772_heated_to_37_1_cell_102,4598.0,16.0,0.0098866691883143,0.1430211244085799,174.0475,267.2,0.0047629783519398,TTX_1um,pre,cancer_20201219_slip2_area1_long_acq_corr_long_acq_blue_0.0318_green_0.0772_heated_to_37_1,slip2_area1,102
11027,cancer_20201219_slip2_area1_long_acq_corr_long_acq_blue_0.0318_green_0.0772_heated_to_37_1_cell_121,4816.0,22.0,0.008468024952887,0.1672161581774893,206.0,318.72008113590266,0.0041644573661908,TTX_1um,pre,cancer_20201219_slip2_area1_long_acq_corr_long_acq_blue_0.0318_green_0.0772_heated_to_37_1,slip2_area1,121
11028,cancer_20201219_slip2_area1_long_acq_corr_long_acq_blue_0.0318_green_0.0772_heated_to_37_1_cell_122,2647.0,14.0,0.0087418595372272,0.1135750451010613,318.2433962264151,319.05283018867925,0.0046799473033682,TTX_1um,pre,cancer_20201219_slip2_area1_long_acq_corr_long_acq_blue_0.0318_green_0.0772_heated_to_37_1,slip2_area1,122
11029,cancer_20201219_slip2_area1_long_acq_corr_long_acq_blue_0.0318_green_0.0772_heated_to_37_1_cell_122,2672.0,10.0,0.0090521250758062,0.0823908665222632,318.2433962264151,319.05283018867925,0.0046799473033682,TTX_1um,pre,cancer_20201219_slip2_area1_long_acq_corr_long_acq_blue_0.0318_green_0.0772_heated_to_37_1,slip2_area1,122
11030,cancer_20201219_slip2_area1_long_acq_corr_long_acq_blue_0.0318_green_0.0772_heated_to_37_1_cell_122,3948.5,15.0,0.0080366825116195,0.1149721596480948,318.2433962264151,319.05283018867925,0.0046799473033682,TTX_1um,pre,cancer_20201219_slip2_area1_long_acq_corr_long_acq_blue_0.0318_green_0.0772_heated_to_37_1,slip2_area1,122
11031,cancer_20201219_slip2_area1_long_acq_corr_long_acq_blue_0.0318_green_0.0772_heated_to_37_1_cell_132,2012.0,8.0,0.0077483001583855,0.0614964016354584,351.2974238875878,343.7377049180328,0.0046055640363559,TTX_1um,pre,cancer_20201219_slip2_area1_long_acq_corr_long_acq_blue_0.0318_green_0.0772_heated_to_37_1,slip2_area1,132
11032,cancer_20201219_slip2_area1_long_acq_corr_long_acq_blue_0.0318_green_0.0772_heated_to_37_1_cell_133,3909.0,20.0,-0.0089591886529116,-0.1582841379910077,220.4737991266376,346.2052401746725,0.004998813603898,TTX_1um,pre,cancer_20201219_slip2_area1_long_acq_corr_long_acq_blue_0.0318_green_0.0772_heated_to_37_1,slip2_area1,133
11033,cancer_20201219_slip2_area1_long_acq_corr_long_acq_blue_0.0318_green_0.0772_heated_to_37_1_cell_133,4148.5,17.0,-0.0106536670673834,-0.1618337221991964,220.4737991266376,346.2052401746725,0.004998813603898,TTX_1um,pre,cancer_20201219_slip2_area1_long_acq_corr_long_acq_blue_0.0318_green_0.0772_heated_to_37_1,slip2_area1,133
11034,cancer_20201219_slip2_area1_long_acq_corr_long_acq_blue_0.0318_green_0.0772_heated_to_37_1_cell_133,4184.0,14.0,-0.0152893906906728,-0.1721564848078497,220.4737991266376,346.2052401746725,0.004998813603898,TTX_1um,pre,cancer_20201219_slip2_area1_long_acq_corr_long_acq_blue_0.0318_green_0.0772_heated_to_37_1,slip2_area1,133
11035,cancer_20201219_slip2_area1_long_acq_corr_long_acq_blue_0.0318_green_0.0772_heated_to_37_1_cell_133,4817.0,48.0,-0.0160825943022029,-0.5720437136886493,220.4737991266376,346.2052401746725,0.004998813603898,TTX_1um,pre,cancer_20201219_slip2_area1_long_acq_corr_long_acq_blue_0.0318_green_0.0772_heated_to_37_1,slip2_area1,133
11036,cancer_20201219_slip2_area1_long_acq_corr_long_acq_blue_0.0318_green_0.0772_heated_to_37_1_cell_133,4887.0,10.0,-0.0083860709132068,-0.079877045420441,220.4737991266376,346.2052401746725,0.004998813603898,TTX_1um,pre,cancer_20201219_slip2_area1_long_acq_corr_long_acq_blue_0.0318_green_0.0772_heated_to_37_1,slip2_area1,133
11037,cancer_20201219_slip2_area1_long_acq_corr_long_acq_blue_0.0318_green_0.0772_heated_to_37_1_cell_152,3860.5,9.0,0.0099841909855307,0.084673908316927,216.85626911314984,409.5321100917431,0.0056025730711627,TTX_1um,pre,cancer_20201219_slip2_area1_long_acq_corr_long_acq_blue_0.0318_green_0.0772_heated_to_37_1,slip2_area1,152
11038,cancer_20201219_slip2_area2_long_acq_long_acq_blue_0.0318_green_0.0772_heated_to_37_1_cell_38,1142.5,13.0,0.0071933411718621,0.0899428666796107,34.88091068301226,127.09457092819616,0.0044988277371508,TTX_1um,pre,cancer_20201219_slip2_area2_long_acq_long_acq_blue_0.0318_green_0.0772_heated_to_37_1,slip2_area2,38
11039,cancer_20201219_slip2_area2_long_acq_long_acq_blue_0.0318_green_0.0772_heated_to_37_1_cell_38,1997.0,8.0,-0.0073282546556228,-0.0565704762607641,34.88091068301226,127.09457092819616,0.0044988277371508,TTX_1um,pre,cancer_20201219_slip2_area2_long_acq_long_acq_blue_0.0318_green_0.0772_heated_to_37_1,slip2_area2,38
11040,cancer_20201219_slip2_area2_long_acq_long_acq_blue_0.0318_green_0.0772_heated_to_37_1_cell_38,2331.5,9.0,0.009151800905224,0.0756244179237837,34.88091068301226,127.09457092819616,0.0044988277371508,TTX_1um,pre,cancer_20201219_slip2_area2_long_acq_long_acq_blue_0.0318_green_0.0772_heated_to_37_1,slip2_area2,38
11041,cancer_20201219_slip2_area2_long_acq_long_acq_blue_0.0318_green_0.0772_heated_to_37_1_cell_46,1279.5,15.0,-0.0060513077594748,-0.0861145964709,74.74691358024691,152.34362139917695,0.003886024976118,TTX_1um,pre,cancer_20201219_slip2_area2_long_acq_long_acq_blue_0.0318_green_0.0772_heated_to_37_1,slip2_area2,46
11042,cancer_20201219_slip2_area2_long_acq_long_acq_blue_0.0318_green_0.0772_heated_to_37_1_cell_46,2482.0,12.0,-0.0071421945849861,-0.0787332901499799,74.74691358024691,152.34362139917695,0.003886024976118,TTX_1um,pre,cancer_20201219_slip2_area2_long_acq_long_acq_blue_0.0318_green_0.0772_heated_to_37_1,slip2_area2,46
11043,cancer_20201219_slip2_area2_long_acq_long_acq_blue_0.0318_green_0.0772_heated_to_37_1_cell_46,2540.5,17.0,-0.0070833096626733,-0.1084249437899614,74.74691358024691,152.34362139917695,0.003886024976118,TTX_1um,pre,cancer_20201219_slip2_area2_long_acq_long_acq_blue_0.0318_green_0.0772_heated_to_37_1,slip2_area2,46
11044,cancer_20201219_slip2_area2_long_acq_long_acq_blue_0.0318_green_0.0772_heated_to_37_1_cell_49,1405.0,16.0,0.0065041644789962,0.090045381808997,28.32261904761905,163.16785714285714,0.0038169865840347,TTX_1um,pre,cancer_20201219_slip2_area2_long_acq_long_acq_blue_0.0318_green_0.0772_heated_to_37_1,slip2_area2,49
11045,cancer_20201219_slip2_area2_long_acq_long_acq_blue_0.0318_green_0.0772_heated_to_37_1_cell_49,3290.0,12.0,-0.0059775251000139,-0.066228839482847,28.32261904761905,163.16785714285714,0.0038169865840347,TTX_1um,pre,cancer_20201219_slip2_area2_long_acq_long_acq_blue_0.0318_green_0.0772_heated_to_37_1,slip2_area2,49
11046,cancer_20201219_slip2_area2_long_acq_long_acq_blue_0.0318_green_0.0772_heated_to_37_1_cell_49,3358.0,8.0,-0.0054108759189303,-0.0410664322486022,28.32261904761905,163.16785714285714,0.0038169865840347,TTX_1um,pre,cancer_20201219_slip2_area2_long_acq_long_acq_blue_0.0318_green_0.0772_heated_to_37_1,slip2_area2,49
11047,cancer_20201219_slip2_area2_long_acq_long_acq_blue_0.0318_green_0.0772_heated_to_37_1_cell_49,3585.0,16.0,0.006419855325555,0.0960433807500893,28.32261904761905,163.16785714285714,0.0038169865840347,TTX_1um,pre,cancer_20201219_slip2_area2_long_acq_long_acq_blue_0.0318_green_0.0772_heated_to_37_1,slip2_area2,49
11048,cancer_20201219_slip2_area2_long_acq_long_acq_blue_0.0318_green_0.0772_heated_to_37_1_cell_49,3713.0,194.0,0.0104707480934882,1.3764310039769063,28.32261904761905,163.16785714285714,0.0038169865840347,TTX_1um,pre,cancer_20201219_slip2_area2_long_acq_long_acq_blue_0.0318_green_0.0772_heated_to_37_1,slip2_area2,49
11049,cancer_20201219_slip2_area2_long_acq_long_acq_blue_0.0318_green_0.0772_heated_to_37_1_cell_49,4107.0,10.0,-0.0054782059645387,-0.0521098648511918,28.32261904761905,163.16785714285714,0.0038169865840347,TTX_1um,pre,cancer_20201219_slip2_area2_long_acq_long_acq_blue_0.0318_green_0.0772_heated_to_37_1,slip2_area2,49
11050,cancer_20201219_slip2_area2_long_acq_long_acq_blue_0.0318_green_0.0772_heated_to_37_1_cell_65,1046.0,10.0,-0.0063033380431904,-0.0591503645484433,170.720207253886,216.37564766839373,0.0036347973895631,TTX_1um,pre,cancer_20201219_slip2_area2_long_acq_long_acq_blue_0.0318_green_0.0772_heated_to_37_1,slip2_area2,65
11051,cancer_20201219_slip2_area2_long_acq_long_acq_blue_0.0318_green_0.0772_heated_to_37_1_cell_84,1237.0,8.0,-0.0071566934352096,-0.053724822914366,241.60680272108843,283.90068027210884,0.0037457444193591,TTX_1um,pre,cancer_20201219_slip2_area2_long_acq_long_acq_blue_0.0318_green_0.0772_heated_to_37_1,slip2_area2,84
11052,cancer_20201219_slip2_area2_long_acq_long_acq_blue_0.0318_green_0.0772_heated_to_37_1_cell_87,1751.0,26.0,0.0054658535685401,0.1145758929551687,185.83543123543123,295.63356643356644,0.0024372610229543,TTX_1um,pre,cancer_20201219_slip2_area2_long_acq_long_acq_blue_0.0318_green_0.0772_heated_to_37_1,slip2_area2,87
11053,cancer_20201219_slip2_area2_long_acq_long_acq_blue_0.0318_green_0.0772_heated_to_37_1_cell_99,739.5,17.0,0.0059106868621274,0.0961724234213097,132.57282502443792,335.7644183773216,0.003360287054079,TTX_1um,pre,cancer_20201219_slip2_area2_long_acq_long_acq_blue_0.0318_green_0.0772_heated_to_37_1,slip2_area2,99
11054,cancer_20201219_slip2_area2_long_acq_long_acq_blue_0.0318_green_0.0772_heated_to_37_1_cell_103,3321.0,14.0,0.01044326438174,0.1307619574093248,315.35928143712573,354.996007984032,0.00536060324731,TTX_1um,pre,cancer_20201219_slip2_area2_long_acq_long_acq_blue_0.0318_green_0.0772_heated_to_37_1,slip2_area2,103
11055,cancer_20201219_slip2_area2_long_acq_long_acq_blue_0.0318_green_0.0772_heated_to_37_1_cell_103,3363.0,36.0,0.0154417230822088,0.424593757140663,315.35928143712573,354.996007984032,0.00536060324731,TTX_1um,pre,cancer_20201219_slip2_area2_long_acq_long_acq_blue_0.0318_green_0.0772_heated_to_37_1,slip2_area2,103
11056,cancer_20201219_slip2_area2_long_acq_long_acq_blue_0.0318_green_0.0772_heated_to_37_1_cell_103,3409.0,34.0,0.0107890231106757,0.323025035071079,315.35928143712573,354.996007984032,0.00536060324731,TTX_1um,pre,cancer_20201219_slip2_area2_long_acq_long_acq_blue_0.0318_green_0.0772_heated_to_37_1,slip2_area2,103
11057,cancer_20201219_slip2_area2_long_acq_long_acq_blue_0.0318_green_0.0772_heated_to_37_1_cell_103,3775.0,22.0,0.0102657801122978,0.1988043509432187,315.35928143712573,354.996007984032,0.00536060324731,TTX_1um,pre,cancer_20201219_slip2_area2_long_acq_long_acq_blue_0.0318_green_0.0772_heated_to_37_1,slip2_area2,103
11058,cancer_20201219_slip2_area2_long_acq_long_acq_blue_0.0318_green_0.0772_heated_to_37_1_cell_103,3835.0,18.0,0.0096266167331497,0.1647920565192657,315.35928143712573,354.996007984032,0.00536060324731,TTX_1um,pre,cancer_20201219_slip2_area2_long_acq_long_acq_blue_0.0318_green_0.0772_heated_to_37_1,slip2_area2,103
11059,cancer_20201219_slip2_area3_long_acq_long_acq_blue_0.0318_green_0.0772_heated_to_37_with_1uM_TTX_1_cell_16,936.5,13.0,0.0091787935882035,0.1064631917514717,276.79661016949154,81.75346687211093,0.0042126336833093,TTX_1um,post,cancer_20201219_slip2_area3_long_acq_long_acq_blue_0.0318_green_0.0772_heated_to_37_with_1uM_TTX_1,slip2_area3,16
11060,cancer_20201219_slip2_area3_long_acq_long_acq_blue_0.0318_green_0.0772_heated_to_37_with_1uM_TTX_1_cell_16,1249.5,13.0,-0.009108646143527,-0.1036594014297579,276.79661016949154,81.75346687211093,0.0042126336833093,TTX_1um,post,cancer_20201219_slip2_area3_long_acq_long_acq_blue_0.0318_green_0.0772_heated_to_37_with_1uM_TTX_1,slip2_area3,16
11061,cancer_20201219_slip2_area3_long_acq_long_acq_blue_0.0318_green_0.0772_heated_to_37_with_1uM_TTX_1_cell_16,1281.5,23.0,-0.0072548008079761,-0.1511583406687913,276.79661016949154,81.75346687211093,0.0042126336833093,TTX_1um,post,cancer_20201219_slip2_area3_long_acq_long_acq_blue_0.0318_green_0.0772_heated_to_37_with_1uM_TTX_1,slip2_area3,16
11062,cancer_20201219_slip2_area3_long_acq_long_acq_blue_0.0318_green_0.0772_heated_to_37_with_1uM_TTX_1_cell_21,1292.0,8.0,-0.0078553546862742,-0.0586966671955591,312.95541401273886,106.73248407643312,0.0042867196431698,TTX_1um,post,cancer_20201219_slip2_area3_long_acq_long_acq_blue_0.0318_green_0.0772_heated_to_37_with_1uM_TTX_1,slip2_area3,21
11063,cancer_20201219_slip2_area3_long_acq_long_acq_blue_0.0318_green_0.0772_heated_to_37_with_1uM_TTX_1_cell_30,1353.0,8.0,-0.0072429610384237,-0.0551865012242186,397.3543543543544,150.23723723723722,0.0040410697399809,TTX_1um,post,cancer_20201219_slip2_area3_long_acq_long_acq_blue_0.0318_green_0.0772_heated_to_37_with_1uM_TTX_1,slip2_area3,30
11064,cancer_20201219_slip2_area3_long_acq_long_acq_blue_0.0318_green_0.0772_heated_to_37_with_1uM_TTX_1_cell_33,521.5,17.0,-0.0084633240522647,-0.1342406870516006,114.684,160.222,0.0044254666596772,TTX_1um,post,cancer_20201219_slip2_area3_long_acq_long_acq_blue_0.0318_green_0.0772_heated_to_37_with_1uM_TTX_1,slip2_area3,33
11065,cancer_20201219_slip2_area3_long_acq_long_acq_blue_0.0318_green_0.0772_heated_to_37_with_1uM_TTX_1_cell_37,694.5,9.0,0.0057464634443515,0.0501839151959473,174.40608034744844,178.19218241042344,0.0033473766333305,TTX_1um,post,cancer_20201219_slip2_area3_long_acq_long_acq_blue_0.0318_green_0.0772_heated_to_37_with_1uM_TTX_1,slip2_area3,37
11066,cancer_20201219_slip2_area3_long_acq_long_acq_blue_0.0318_green_0.0772_heated_to_37_with_1uM_TTX_1_cell_38,2328.0,8.0,0.0081781415964599,0.0604066068543434,282.8068965517241,179.6,0.0038741560790346,TTX_1um,post,cancer_20201219_slip2_area3_long_acq_long_acq_blue_0.0318_green_0.0772_heated_to_37_with_1uM_TTX_1,slip2_area3,38
11067,cancer_20201219_slip2_area3_long_acq_long_acq_blue_0.0318_green_0.0772_heated_to_37_with_1uM_TTX_1_cell_52,1509.5,9.0,0.0080384441454257,0.0691223415969917,58.84615384615385,239.65904365904365,0.0042703805007099,TTX_1um,post,cancer_20201219_slip2_area3_long_acq_long_acq_blue_0.0318_green_0.0772_heated_to_37_with_1uM_TTX_1,slip2_area3,52
11068,cancer_20201219_slip2_area3_long_acq_long_acq_blue_0.0318_green_0.0772_heated_to_37_with_1uM_TTX_1_cell_56,537.0,14.0,-0.006972156675998,-0.0923593597289633,189.9095563139932,263.2133105802048,0.0042418536725929,TTX_1um,post,cancer_20201219_slip2_area3_long_acq_long_acq_blue_0.0318_green_0.0772_heated_to_37_with_1uM_TTX_1,slip2_area3,56
11069,cancer_20201219_slip2_area3_long_acq_long_acq_blue_0.0318_green_0.0772_heated_to_37_with_1uM_TTX_1_cell_56,2245.0,12.0,-0.0067686314646598,-0.0797043643361974,189.9095563139932,263.2133105802048,0.0042418536725929,TTX_1um,post,cancer_20201219_slip2_area3_long_acq_long_acq_blue_0.0318_green_0.0772_heated_to_37_with_1uM_TTX_1,slip2_area3,56
11070,cancer_20201219_slip2_area3_long_acq_long_acq_blue_0.0318_green_0.0772_heated_to_37_with_1uM_TTX_1_cell_56,2693.5,9.0,-0.0083764872216182,-0.0685212837140436,189.9095563139932,263.2133105802048,0.0042418536725929,TTX_1um,post,cancer_20201219_slip2_area3_long_acq_long_acq_blue_0.0318_green_0.0772_heated_to_37_with_1uM_TTX_1,slip2_area3,56
11071,cancer_20201219_slip2_area3_long_acq_long_acq_blue_0.0318_green_0.0772_heated_to_37_with_1uM_TTX_1_cell_65,854.5,79.0,0.0098348148784173,0.6385380056452656,70.89823008849558,304.63274336283183,0.0034597033502841,TTX_1um,post,cancer_20201219_slip2_area3_long_acq_long_acq_blue_0.0318_green_0.0772_heated_to_37_with_1uM_TTX_1,slip2_area3,65
11072,cancer_20201219_slip2_area4_long_acq_long_acq_blue_0.0318_green_0.0772_heated_to_37_with_1uM_TTX_1_cell_89,3536.0,8.0,-0.0069998733441243,-0.0533398722369814,27.17774086378737,199.59468438538207,0.0039794624063208,TTX_1um,post,cancer_20201219_slip2_area4_long_acq_long_acq_blue_0.0318_green_0.0772_heated_to_37_with_1uM_TTX_1,slip2_area4,89
11073,cancer_20201219_slip2_area4_long_acq_long_acq_blue_0.0318_green_0.0772_heated_to_37_with_1uM_TTX_1_cell_107,2015.5,13.0,0.0101463667889594,0.1277633228347854,46.87381703470032,265.3943217665615,0.0056233295233402,TTX_1um,post,cancer_20201219_slip2_area4_long_acq_long_acq_blue_0.0318_green_0.0772_heated_to_37_with_1uM_TTX_1,slip2_area4,107
11074,cancer_20201219_slip2_area4_long_acq_long_acq_blue_0.0318_green_0.0772_heated_to_37_with_1uM_TTX_1_cell_107,2048.5,33.0,0.0147751708410597,0.4203470900804122,46.87381703470032,265.3943217665615,0.0056233295233402,TTX_1um,post,cancer_20201219_slip2_area4_long_acq_long_acq_blue_0.0318_green_0.0772_heated_to_37_with_1uM_TTX_1,slip2_area4,107
11075,cancer_20201219_slip2_area4_long_acq_long_acq_blue_0.0318_green_0.0772_heated_to_37_with_1uM_TTX_1_cell_116,1904.5,17.0,0.0089836869535953,0.1394959199159167,135.44601769911503,309.6743362831858,0.004117605796685,TTX_1um,post,cancer_20201219_slip2_area4_long_acq_long_acq_blue_0.0318_green_0.0772_heated_to_37_with_1uM_TTX_1,slip2_area4,116
11076,cancer_20201219_slip2_area4_long_acq_long_acq_blue_0.0318_green_0.0772_heated_to_37_with_1uM_TTX_1_cell_116,1943.0,12.0,0.007816447897162,0.0890675323484058,135.44601769911503,309.6743362831858,0.004117605796685,TTX_1um,post,cancer_20201219_slip2_area4_long_acq_long_acq_blue_0.0318_green_0.0772_heated_to_37_with_1uM_TTX_1,slip2_area4,116
11077,cancer_20201219_slip2_area4_long_acq_long_acq_blue_0.0318_green_0.0772_heated_to_37_with_1uM_TTX_1_cell_116,2009.0,10.0,0.0076724753432673,0.0732630463926931,135.44601769911503,309.6743362831858,0.004117605796685,TTX_1um,post,cancer_20201219_slip2_area4_long_acq_long_acq_blue_0.0318_green_0.0772_heated_to_37_with_1uM_TTX_1,slip2_area4,116
11078,cancer_20201219_slip2_area4_long_acq_long_acq_blue_0.0318_green_0.0772_heated_to_37_with_1uM_TTX_1_cell_116,2095.0,16.0,0.010266010357014,0.1422011402944758,135.44601769911503,309.6743362831858,0.004117605796685,TTX_1um,post,cancer_20201219_slip2_area4_long_acq_long_acq_blue_0.0318_green_0.0772_heated_to_37_with_1uM_TTX_1,slip2_area4,116
11079,cancer_20201219_slip2_area4_long_acq_long_acq_blue_0.0318_green_0.0772_heated_to_37_with_1uM_TTX_1_cell_119,1855.0,8.0,-0.0028519476350037,-0.0223813104837113,285.7337363270006,333.3146229130685,0.0020912146980055,TTX_1um,post,cancer_20201219_slip2_area4_long_acq_long_acq_blue_0.0318_green_0.0772_heated_to_37_with_1uM_TTX_1,slip2_area4,119
11080,cancer_20201219_slip2_area5_long_acq_blue_0.0318_green_0.0772_heated_to_37_with_1uM_TTX_2_cell_19,3940.5,9.0,0.0056224687332921,0.047129164070327,98.95260663507108,129.6170616113744,0.0028386199477908,TTX_1um,post,cancer_20201219_slip2_area5_long_acq_blue_0.0318_green_0.0772_heated_to_37_with_1uM_TTX_2,slip2_area5,19
11081,cancer_20201219_slip2_area5_long_acq_blue_0.0318_green_0.0772_heated_to_37_with_1uM_TTX_2_cell_19,4091.5,19.0,0.0054895622246822,0.0955720723214166,98.95260663507108,129.6170616113744,0.0028386199477908,TTX_1um,post,cancer_20201219_slip2_area5_long_acq_blue_0.0318_green_0.0772_heated_to_37_with_1uM_TTX_2,slip2_area5,19
11082,cancer_20201219_slip2_area6_long_acq_long_acq_blue_0.0318_green_0.0772_heated_to_37_with_1uM_TTX_1_cell_24,2572.0,10.0,0.0080545718447493,0.0735599342565362,287.7712328767123,123.71780821917808,0.003795797480769,TTX_1um,post,cancer_20201219_slip2_area6_long_acq_long_acq_blue_0.0318_green_0.0772_heated_to_37_with_1uM_TTX_1,slip2_area6,24
11083,cancer_20201219_slip2_area6_long_acq_long_acq_blue_0.0318_green_0.0772_heated_to_37_with_1uM_TTX_1_cell_42,2568.0,8.0,-0.0071635006227186,-0.0548422276867492,349.39276139410185,203.4946380697051,0.0039442906050051,TTX_1um,post,cancer_20201219_slip2_area6_long_acq_long_acq_blue_0.0318_green_0.0772_heated_to_37_with_1uM_TTX_1,slip2_area6,42
11084,cancer_20201219_slip2_area6_long_acq_long_acq_blue_0.0318_green_0.0772_heated_to_37_with_1uM_TTX_1_cell_46,1020.5,47.0,-0.0115002226676999,-0.4376401151621494,179.49658314350796,211.2277904328018,0.0053115572744513,TTX_1um,post,cancer_20201219_slip2_area6_long_acq_long_acq_blue_0.0318_green_0.0772_heated_to_37_with_1uM_TTX_1,slip2_area6,46
11085,cancer_20201219_slip2_area6_long_acq_long_acq_blue_0.0318_green_0.0772_heated_to_37_with_1uM_TTX_1_cell_46,1427.0,50.0,0.0119799787187131,0.4923557437888353,179.49658314350796,211.2277904328018,0.0053115572744513,TTX_1um,post,cancer_20201219_slip2_area6_long_acq_long_acq_blue_0.0318_green_0.0772_heated_to_37_with_1uM_TTX_1,slip2_area6,46
11086,cancer_20201219_slip2_area6_long_acq_long_acq_blue_0.0318_green_0.0772_heated_to_37_with_1uM_TTX_1_cell_46,2150.0,12.0,0.0091147927689609,0.1051305974166105,179.49658314350796,211.2277904328018,0.0053115572744513,TTX_1um,post,cancer_20201219_slip2_area6_long_acq_long_acq_blue_0.0318_green_0.0772_heated_to_37_with_1uM_TTX_1,slip2_area6,46
11087,cancer_20201219_slip2_area6_long_acq_long_acq_blue_0.0318_green_0.0772_heated_to_37_with_1uM_TTX_1_cell_46,2200.5,11.0,0.0086970686867122,0.0901379894167127,179.49658314350796,211.2277904328018,0.0053115572744513,TTX_1um,post,cancer_20201219_slip2_area6_long_acq_long_acq_blue_0.0318_green_0.0772_heated_to_37_with_1uM_TTX_1,slip2_area6,46
11088,cancer_20201219_slip2_area6_long_acq_long_acq_blue_0.0318_green_0.0772_heated_to_37_with_1uM_TTX_1_cell_46,2283.5,27.0,0.0099056199141389,0.236669985614875,179.49658314350796,211.2277904328018,0.0053115572744513,TTX_1um,post,cancer_20201219_slip2_area6_long_acq_long_acq_blue_0.0318_green_0.0772_heated_to_37_with_1uM_TTX_1,slip2_area6,46
11089,cancer_20201219_slip2_area6_long_acq_long_acq_blue_0.0318_green_0.0772_heated_to_37_with_1uM_TTX_1_cell_46,2330.0,16.0,0.0093355078292933,0.1335647192949256,179.49658314350796,211.2277904328018,0.0053115572744513,TTX_1um,post,cancer_20201219_slip2_area6_long_acq_long_acq_blue_0.0318_green_0.0772_heated_to_37_with_1uM_TTX_1,slip2_area6,46
11090,cancer_20201219_slip2_area6_long_acq_long_acq_blue_0.0318_green_0.0772_heated_to_37_with_1uM_TTX_1_cell_46,2433.5,31.0,-0.010656093423304,-0.2716947298420242,179.49658314350796,211.2277904328018,0.0053115572744513,TTX_1um,post,cancer_20201219_slip2_area6_long_acq_long_acq_blue_0.0318_green_0.0772_heated_to_37_with_1uM_TTX_1,slip2_area6,46
11091,cancer_20201219_slip2_area6_long_acq_long_acq_blue_0.0318_green_0.0772_heated_to_37_with_1uM_TTX_1_cell_46,2480.5,11.0,-0.0076550848439268,-0.0832493912161325,179.49658314350796,211.2277904328018,0.0053115572744513,TTX_1um,post,cancer_20201219_slip2_area6_long_acq_long_acq_blue_0.0318_green_0.0772_heated_to_37_with_1uM_TTX_1,slip2_area6,46
11092,cancer_20201219_slip2_area6_long_acq_long_acq_blue_0.0318_green_0.0772_heated_to_37_with_1uM_TTX_1_cell_55,489.0,8.0,0.0063557673203731,0.0477078844996421,246.7517658930373,237.4581231079717,0.0033847810247078,TTX_1um,post,cancer_20201219_slip2_area6_long_acq_long_acq_blue_0.0318_green_0.0772_heated_to_37_with_1uM_TTX_1,slip2_area6,55
11093,cancer_20201219_slip2_area6_long_acq_long_acq_blue_0.0318_green_0.0772_heated_to_37_with_1uM_TTX_1_cell_82,3599.0,8.0,-0.009852288401733,-0.0716211923928826,114.5747572815534,329.095145631068,0.0044041109545845,TTX_1um,post,cancer_20201219_slip2_area6_long_acq_long_acq_blue_0.0318_green_0.0772_heated_to_37_with_1uM_TTX_1,slip2_area6,82
